Date,SPY,QQQ,IWM,EFA,VNQ,RF,Mkt-RF,SMB,HML
2022-01-03,0.005119,0.013823,0.003712,0.002774,0.009892,0.000159,0.003884,-0.002431,-0.006547
2022-01-04,-0.00406,-0.006976,-0.002823,-0.014159,-0.00995,0.000159,-0.004908,0.000365,-0.001091
2022-01-05,-0.009222,-0.018007,-2.8e-05,-0.007043,-0.015483,0.000159,-0.008279,0.002776,0.005459
2022-01-06,-0.004772,-0.003823,-0.009211,-0.006978,0.006843,0.000159,-0.004114,-0.000829,0.001366
2022-01-07,0.000272,-0.005889,0.002574,-0.010253,-1.2e-05,0.000159,-0.000177,0.0004,0.003191
2022-01-10,0.007415,0.007727,-0.002387,-0.000628,0.010107,0.000159,0.00794,-0.007511,-0.003567
2022-01-11,0.003664,0.002162,0.000119,0.005643,0.009409,0.000159,0.003779,-0.000889,-0.000116
2022-01-12,-0.007573,-0.004412,-0.010284,-0.007418,-0.017415,0.000159,-0.006531,-0.004223,-0.003714
2022-01-13,0.008119,0.015367,0.009555,0.003053,0.01869,0.000159,0.00802,-0.000957,-0.000546
2022-01-14,6e-05,0.004706,-0.001464,-0.003211,-0.016223,0.000159,0.000721,-0.004976,-0.003026
2022-01-17,-0.001687,-0.004399,-0.006176,-0.004568,0.000492,0.000159,0.000268,-0.005092,-0.001087
2022-01-18,-0.004633,-0.000615,-0.009299,-0.006463,-0.016977,0.000159,-0.004313,-0.001976,-0.001548
2022-01-19,0.003213,0.002954,-0.006059,-0.002028,-0.006661,0.000159,0.003094,-0.008565,-0.001176
2022-01-20,-0.001132,-0.000294,0.001346,0.000152,-0.000341,0.000159,-0.000713,-0.001723,0.002632
2022-01-21,0.000972,0.003514,-0.000397,-0.006294,0.00636,0.000159,0.000521,-0.000689,-0.002486
2022-01-24,0.007915,0.002587,0.012722,0.020372,0.006737,0.000159,0.009666,0.001317,-0.000667
2022-01-25,0.001347,0.001948,-0.006145,0.001291,0.009115,0.000159,0.001332,0.000238,-0.004546
2022-01-26,-0.007041,-0.014644,-0.004736,0.002735,-0.002751,0.000159,-0.007418,0.00482,0.00298
2022-01-27,0.002869,-0.002662,0.005326,0.003784,0.006536,0.000159,0.002042,-0.000507,0.001088
2022-01-28,-0.00606,-0.010736,0.006216,0.000789,0.004093,0.000159,-0.005341,0.007253,-0.000987
2022-01-31,-0.008859,-0.014514,-0.002079,-0.002583,0.010732,0.000159,-0.008324,0.004889,0.00464
2022-02-01,-0.001931,-0.006487,-0.002469,-0.000229,0.004209,0.000159,-0.002488,-0.001464,0.003157
2022-02-02,0.000524,0.01459,0.003529,-0.003717,0.003243,0.000159,0.000826,-0.001488,-0.005683
2022-02-03,-0.001723,-0.002139,-0.007169,-0.011061,0.001832,0.000159,-0.003088,-0.002748,0.002895
2022-02-04,0.002434,0.004612,-0.002776,0.001677,-0.008613,0.000159,0.002423,-0.002951,0.000454
2022-02-07,0.003799,0.010105,-0.004936,-0.003771,0.003899,0.000159,0.004002,-0.005239,-0.004168
2022-02-08,0.005293,0.013307,0.009937,0.009361,0.014131,0.000159,0.0065,0.003207,-0.005284
2022-02-09,-0.006942,-0.008024,0.007944,-0.013049,-0.015019,0.000159,-0.007717,0.005941,0.002069
2022-02-10,-0.004083,-0.009861,-0.008884,-0.00047,-0.002228,0.000159,-0.005265,-0.004704,0.003104
2022-02-11,0.000833,0.004055,-0.010916,0.000115,0.003466,0.000159,-4.2e-05,-0.005656,-0.000949
2022-02-14,-0.007129,-0.004355,-0.014466,-0.008891,-0.014163,0.000159,-0.008357,-0.002897,-0.002803
2022-02-15,0.017172,0.025713,0.029479,0.021639,0.014922,0.000159,0.018082,0.0038,-0.0022
2022-02-16,0.012436,0.018894,0.006589,0.008343,-0.000914,0.000159,0.013516,-0.001067,-0.004094
2022-02-17,-0.001999,-0.009751,-0.003297,-0.000501,-0.011292,0.000159,-0.001902,-0.00419,0.002897
2022-02-18,0.01145,0.016367,0.011876,0.005186,0.005935,0.000159,0.012268,-0.000943,0.000927
2022-02-21,0.001478,-0.003994,0.015845,-0.00613,0.009817,0.000159,0.001427,0.006667,0.000867
2022-02-22,0.003069,0.001243,-0.000618,0.006261,-0.002903,0.000159,0.002835,-0.003116,-0.002416
2022-02-23,0.008946,0.014221,0.003619,0.003036,0.010594,0.000159,0.008521,-0.003794,-0.004215
2022-02-24,0.000201,-0.002527,0.004386,0.000487,0.010254,0.000159,-0.000206,0.005834,0.00308
2022-02-25,0.008241,0.010509,0.01277,0.006341,0.008544,0.000159,0.006844,0.000562,-0.000398
2022-02-28,0.001321,0.012217,-0.006072,-0.007829,0.003016,0.000159,0.001374,0.001186,-0.004616
2022-03-01,0.006329,0.003598,0.006487,0.001026,0.004829,0.000159,0.006138,0.000953,7.4e-05
2022-03-02,-0.007442,-0.011844,-0.012158,-0.005401,-0.011163,0.000159,-0.007005,-0.002174,0.002731
2022-03-03,-0.004075,-0.011726,-0.009309,-0.006458,0.005469,0.000159,-0.004159,-0.001664,0.001362
2022-03-04,0.008548,0.005553,0.008365,0.004891,0.001301,0.000159,0.008259,0.004968,0.001809
2022-03-07,0.005334,0.009054,0.008924,0.002685,0.006173,0.000159,0.004478,-0.000192,-0.002951
2022-03-08,0.001328,0.003958,0.01089,0.008716,0.000162,0.000159,0.001227,0.00254,-0.002847
2022-03-09,0.008687,0.006776,0.004211,0.003342,0.001861,0.000159,0.009119,-0.003748,-0.000511
2022-03-10,-0.006812,0.001092,-0.000614,-0.006954,-0.001671,0.000159,-0.007885,0.003163,-0.003912
2022-03-11,-0.012142,-0.016478,-0.022941,-0.003687,-0.001885,0.000159,-0.012231,-0.008851,0.001637
2022-03-14,-0.014747,-0.017828,-0.017053,-0.008572,-0.0148,0.000159,-0.014719,-0.001108,0.001703
2022-03-15,0.001543,-0.003399,-0.008093,0.006582,-0.004913,0.000159,0.00081,-0.001431,-0.0054
2022-03-16,0.015136,0.018945,0.028572,0.025542,0.027065,0.000159,0.014507,0.007021,-0.003139
2022-03-17,0.006531,0.01187,0.012051,-0.004112,-0.010086,0.000159,0.006557,0.002175,-0.002919
2022-03-18,-0.002159,-0.001949,0.008851,-0.006395,0.000138,0.000159,-0.003225,0.004269,0.002926
2022-03-21,0.004049,0.004608,-0.005508,0.003815,-0.006771,0.000159,0.00417,-0.002982,-0.002384
2022-03-22,-0.004482,-0.000962,-0.010433,-0.001977,-0.012393,0.000159,-0.005357,-0.004627,-0.001082
2022-03-23,-0.000617,-0.00685,0.012275,0.002215,0.004608,0.000159,7.5e-05,0.010139,0.005483
2022-03-24,-0.000667,0.002965,-0.003744,-0.004192,-0.019482,0.000159,0.001044,0.002328,-0.004079
2022-03-25,-0.013994,-0.017791,-0.009612,-0.007445,0.001117,0.000159,-0.014842,0.002705,0.002307
2022-03-28,-0.000815,-0.000159,-0.006149,-0.010808,-0.013684,0.000159,-0.000547,-0.00269,-0.001867
2022-03-29,0.016428,0.027713,0.016003,0.007984,0.017838,0.000159,0.015688,0.001849,-0.005523
2022-03-30,-0.009454,-0.018294,-0.003511,0.004285,-0.000799,0.000159,-0.00878,0.005161,0.00193
2022-03-31,-0.005781,-0.011344,-0.005362,-0.00961,-0.006232,0.000159,-0.006952,-0.001403,0.000761
2022-04-01,-0.00187,0.001287,0.001372,-0.0066,0.003011,0.000159,-0.001644,0.000568,0.004181
2022-04-04,-0.015459,-0.015777,-0.020619,-0.023948,-0.017708,0.000159,-0.016316,-0.005225,0.001816
2022-04-05,0.002867,-0.004849,0.003225,-0.004488,0.001749,0.000159,0.002543,0.000997,0.00529
2022-04-06,-0.007774,-0.012334,-0.001479,-0.010756,0.005603,0.000159,-0.008757,0.004481,0.002808
2022-04-07,-0.023081,-0.029289,-0.019496,-0.020565,-0.020585,0.000159,-0.022581,-0.000907,-0.000729
2022-04-08,0.011494,0.012181,0.008181,0.005904,0.005886,0.000159,0.010666,-0.002567,0.000515
2022-04-11,0.003153,0.002964,0.010454,0.002195,-0.002171,0.000159,0.003436,0.000956,0.002221
2022-04-12,-0.017373,-0.012927,-0.014874,-0.014221,-0.031146,0.000159,-0.017807,-0.000549,-0.003485
2022-04-13,0.002638,0.009201,0.003546,-0.000735,0.018534,0.000159,0.002388,0.001556,-0.000694
2022-04-14,0.002128,-0.001406,0.007157,-0.002418,-0.000711,0.000159,0.002087,0.001047,0.002822
2022-04-15,0.00495,0.003734,0.003542,-0.001604,0.006194,0.000159,0.004182,-0.001306,0.00419
2022-04-18,0.007591,0.015782,0.010735,0.017923,-0.000564,0.000159,0.007601,-0.001683,-0.004112
2022-04-19,-0.016498,-0.019852,-0.014549,-0.018659,-0.011508,0.000159,-0.015432,0.001348,-0.000854
2022-04-20,0.001439,0.003185,-0.003753,0.002894,0.011443,0.000159,0.000658,-0.002685,-0.001422
2022-04-21,0.015535,0.018299,0.015202,0.01787,0.024213,0.000159,0.016314,-0.001625,0.001765
2022-04-22,-0.001101,-0.009513,0.004025,4.4e-05,-0.009577,0.000159,-6.1e-05,0.002185,-0.000292
2022-04-25,-0.00279,-0.010207,-0.004957,-0.004499,-0.003945,0.000159,-0.003602,-0.000723,-0.00117
2022-04-26,-0.001794,0.003677,-0.00292,-0.007029,-0.000487,0.000159,-0.003117,-0.002193,-0.00201
2022-04-27,0.000532,4.2e-05,-0.003054,-0.003474,-0.005231,0.000159,0.000615,-0.004746,-0.000689
2022-04-28,-0.006372,-0.000218,-0.02361,-0.002673,-0.025427,0.000159,-0.006969,-0.005008,-0.002446
2022-04-29,-0.002856,-0.007313,-0.010446,0.005296,0.006102,0.000159,-0.001519,-0.005062,0.003674
2022-05-02,0.007256,0.011045,-0.00067,0.007729,0.000458,0.000159,0.007125,-0.004156,-0.002621
2022-05-03,0.007154,0.014689,-0.000472,0.007328,0.001937,0.000159,0.006354,-0.001791,-0.00676
2022-05-04,0.003498,0.003097,0.001037,0.008582,-0.007624,0.000159,0.002422,0.005828,0.00425
2022-05-05,-0.014388,-0.008612,-0.028527,-0.005268,-0.016912,0.000159,-0.013675,-0.009558,-0.004305
2022-05-06,-0.004777,-0.00016,-0.004226,-0.002712,-0.004608,0.000159,-0.005392,0.001175,-0.003965
2022-05-09,0.003324,0.007329,0.004233,0.001111,0.003738,0.000159,0.0032,-0.00096,0.000605
2022-05-10,-0.004728,-0.01071,-0.001482,-0.012772,-0.000766,0.000159,-0.004122,0.000545,0.001624
2022-05-11,0.002832,0.008855,-0.008719,-0.00684,-0.001901,0.000159,0.002286,-0.007216,-0.002536
2022-05-12,0.005318,0.002662,0.001706,-0.00472,-0.008598,0.000159,0.005122,-0.004057,0.002028
2022-05-13,-0.008871,0.002578,-0.006674,-0.005655,-0.002847,0.000159,-0.009043,0.001016,-0.002412
2022-05-16,-0.005069,-0.006517,0.003735,-0.004814,0.012238,0.000159,-0.004681,0.001453,-8.8e-05
2022-05-17,-0.005556,-0.008906,-0.001656,0.002392,-0.012333,0.000159,-0.005242,0.003844,0.00438
2022-05-18,-0.006508,-0.004843,-0.005219,-0.012491,-0.002288,0.000159,-0.006843,0.000755,-0.004938
2022-05-19,0.005718,0.00967,0.005073,-0.004739,0.005531,0.000159,0.00561,0.000522,-6.1e-05
2022-05-20,0.00298,0.008564,0.002479,0.005646,0.001782,0.000159,0.002524,-0.001183,-0.003913
2022-05-23,0.009314,0.009045,0.006582,0.004893,0.003308,0.000159,0.007973,-0.0021,0.002852
2022-05-24,0.01233,0.012725,0.021629,0.012742,0.003059,0.000159,0.012377,0.005225,0.000126
2022-05-25,0.002937,0.009211,-0.000894,0.009637,0.001335,0.000159,0.004292,-0.004244,-0.003855
2022-05-26,-0.003832,-0.006716,-0.006153,-0.004432,-0.010169,0.000159,-0.004698,-0.001876,0.002479
2022-05-27,-0.009139,-0.010113,0.001314,-0.010576,-0.007078,0.000159,-0.009916,0.003508,0.002176
2022-05-30,-7e-05,0.002114,0.0001,0.002278,0.018484,0.000159,-0.000925,-0.001696,0.00041
2022-05-31,-0.005659,-0.009686,-0.009686,0.001068,-0.008898,0.000159,-0.005238,-0.006233,-0.000448
2022-06-01,-0.007507,-0.005788,-0.006568,-0.014606,0.006041,0.000159,-0.007307,0.003149,-0.001656
2022-06-02,-0.005421,-0.00497,-0.000792,0.00844,-0.007231,0.000159,-0.005707,0.000941,-0.000189
2022-06-03,-0.012704,-0.006759,-0.015642,-0.009267,-0.003971,0.000159,-0.013597,0.000858,-0.00246
2022-06-06,0.024406,0.034883,0.02803,0.03039,0.020985,0.000159,0.024321,0.00395,-0.002692
2022-06-07,0.006011,0.010273,0.012649,0.013359,0.014919,0.000159,0.004601,0.000747,-0.005735
2022-06-08,-0.001188,-0.005324,0.001858,-0.00201,0.009987,0.000159,-0.001232,-0.000654,0.002323
2022-06-09,0.002215,0.006511,0.0055,0.014259,0.005825,0.000159,0.002754,0.006763,-0.002298
2022-06-10,0.002769,0.005333,0.005895,0.003931,0.005496,0.000159,0.001609,0.005065,-0.002703
2022-06-13,0.0106,0.00929,0.018567,0.001355,0.01248,0.000159,0.009215,0.003921,-0.000961
2022-06-14,0.015272,0.028002,0.005114,-0.003042,0.003042,0.000159,0.016377,-0.004565,-0.005521
2022-06-15,-0.009302,-0.01381,-0.017417,-0.00409,-0.009565,0.000159,-0.00995,-0.005319,-0.005399
2022-06-16,0.017943,0.018283,0.0169,0.014405,0.016822,0.000159,0.018693,0.000343,-0.001538
2022-06-17,-0.01149,-0.007973,-0.009744,-0.005959,-0.004969,0.000159,-0.011772,-0.000562,-0.003158
2022-06-20,0.006506,0.011938,0.005258,0.013234,0.020237,0.000159,0.006218,-0.004688,-0.001107
2022-06-21,1.8e-05,-0.003646,0.006123,-0.002398,-0.013318,0.000159,0.00021,0.000409,-0.000145
2022-06-22,-0.003897,-0.001608,0.001306,-0.000224,-0.004354,0.000159,-0.004763,0.002644,-0.001346
2022-06-23,0.000366,0.004536,7.9e-05,0.001129,-0.014946,0.000159,0.000313,-0.002406,0.001416
2022-06-24,-0.001948,-0.00385,0.009434,0.004166,0.005956,0.000159,-0.002412,0.005556,0.002749
2022-06-27,0.013694,0.013906,0.017568,0.013851,0.019411,0.000159,0.012479,-0.000212,0.00172
2022-06-28,0.010371,0.013579,0.024335,0.007974,0.015512,0.000159,0.010482,0.005418,-0.002283
2022-06-29,-0.005788,-0.005003,-0.00231,-0.007206,0.010823,0.000159,-0.006158,0.003445,0.000772
2022-06-30,0.016812,0.021346,0.020168,0.008112,0.002276,0.000159,0.016527,0.002173,-0.002282
2022-07-01,0.004193,0.013179,-0.004478,-0.007178,0.006601,0.000159,0.003066,-0.004355,-0.003987
2022-07-04,0.016397,0.019792,0.015621,0.018251,0.003794,0.000159,0.017512,0.00137,-0.000538
2022-07-05,0.014427,0.020077,0.016324,0.012985,0.008378,0.000159,0.01497,0.00191,-0.003454
2022-07-06,0.000157,-0.001177,0.004962,-0.014891,-0.012576,0.000159,0.00077,0.005296,0.00352
2022-07-07,-0.003043,0.001793,-0.006336,-0.001729,-0.001493,0.000159,-0.003446,-0.002566,-0.002255
2022-07-08,0.00113,-0.001326,-0.007842,-0.003211,0.004575,0.000159,-0.000412,-0.005345,0.002219
2022-07-11,-0.002912,0.006693,-0.000636,0.000679,-9.9e-05,0.000159,-0.001509,-0.001464,-0.000931
2022-07-12,-0.002061,-0.002644,0.002706,-0.000314,-0.000513,0.000159,-0.002269,0.001525,0.002297
2022-07-13,0.001147,0.002626,0.008767,-0.013568,-0.000221,0.000159,0.000389,0.005739,-0.003409
2022-07-14,0.010928,0.007944,0.007477,0.01893,0.011935,0.000159,0.011102,0.000875,0.002083
2022-07-15,0.008666,0.012631,0.023748,0.009975,0.020513,0.000159,0.009441,0.009462,0.000115
2022-07-18,0.010902,0.008131,0.02111,0.004509,0.007491,0.000159,0.010725,0.001516,0.002892
2022-07-19,-0.000209,0.002033,0.010161,0.004951,0.010922,0.000159,0.000655,0.007351,-0.003123
2022-07-20,0.0117,0.01748,0.010215,0.017037,0.011318,0.000159,0.012408,-0.00442,-0.003626
2022-07-21,-0.001244,-0.008497,0.008606,-0.004287,-0.015188,0.000159,-0.002264,0.006721,0.00489
2022-07-22,-0.00567,-0.002225,-0.00869,0.0086,-0.005694,0.000159,-0.006368,-0.002245,-0.002902
2022-07-25,-0.023344,-0.035802,-0.017667,-0.003872,-0.009802,0.000159,-0.022737,0.004244,0.004384
2022-07-26,0.00605,0.009131,0.006588,0.004895,0.003584,0.000159,0.003721,-0.002396,0.001919
2022-07-27,-0.015683,-0.024491,-0.014512,-0.004683,-0.023045,0.000159,-0.015961,0.002928,0.003428
2022-07-28,-0.009001,-0.011698,-0.006114,-0.012475,-0.017602,0.000159,-0.010305,-0.001486,-0.000375
2022-07-29,-0.005313,-0.004101,-0.006321,-0.001993,0.005075,0.000159,-0.005853,-0.001841,-0.00224
2022-08-01,0.00159,0.004602,0.002033,0.00165,-0.004068,0.000159,0.001192,-0.001774,-0.00054
2022-08-02,-0.012925,-0.018554,-0.018512,-0.006948,-0.002487,0.000159,-0.01337,-0.006302,-0.000415
2022-08-03,-0.005998,0.003452,-0.014268,-0.005053,-0.005256,0.000159,-0.006599,-0.003946,-0.004275
2022-08-04,-0.00136,-0.002311,0.004954,0.013006,-0.007191,0.000159,-0.002397,0.006769,0.001047
2022-08-05,-0.000439,0.008422,0.008741,-0.001668,0.014789,0.000159,0.001236,0.009924,-0.000946
2022-08-08,-0.003202,-0.008856,-0.007428,-0.01089,-0.011203,0.000159,-0.001866,-0.001919,0.003597
2022-08-09,0.002621,0.006957,-0.009575,0.001615,-0.010683,0.000159,0.001533,-0.003864,-0.003163
2022-08-10,0.016289,0.019839,0.018942,0.013464,0.008371,0.000159,0.017396,0.00179,0.000937
2022-08-11,0.002009,-0.00231,-0.002185,0.007525,0.00621,0.000159,0.001531,-0.001099,0.001129
2022-08-12,-0.009977,-0.01146,0.005924,-0.00142,-0.004752,0.000159,-0.010032,0.007266,-0.001878
2022-08-15,0.001669,0.006817,-0.003108,-0.007007,0.001207,0.000159,0.001459,-0.001998,-0.002403
2022-08-16,-0.010082,-0.00054,-0.00908,-0.002555,-0.010002,0.000159,-0.010769,0.001576,-0.000941
2022-08-17,0.009131,0.012753,0.00482,0.012005,0.001671,0.000159,0.00976,-0.003313,-0.001118
2022-08-18,0.005497,0.006508,0.012711,0.008638,0.013225,0.000159,0.005439,0.003452,-0.00038
2022-08-19,0.013607,0.010414,0.006328,0.007165,0.008061,0.000159,0.013067,-0.003757,0.004552
2022-08-22,0.000938,0.003812,0.001022,-0.010578,-0.002727,0.000159,-0.000264,0.001695,-0.004012
2022-08-23,-0.011092,-0.007242,-0.011769,0.000506,-0.010046,0.000159,-0.011966,-0.002471,-0.004111
2022-08-24,-0.005427,-0.005759,-0.00437,-0.004216,0.004273,0.000159,-0.006899,0.000426,-0.003099
2022-08-25,0.009421,0.01578,-0.000451,0.002662,-0.011678,0.000159,0.009272,-0.001112,-0.001798
2022-08-26,0.005544,-0.005669,0.001547,0.005178,0.005475,0.000159,0.004428,0.00033,0.004818
2022-08-29,0.000255,-0.004203,0.007868,0.00097,-0.003661,0.000159,-0.000117,0.006505,0.004868
2022-08-30,-0.003811,0.003638,-0.012468,-0.014184,-0.009832,0.000159,-0.002874,-0.004279,-0.002493
2022-08-31,-0.005956,0.002154,-0.002376,-0.006811,-0.008278,0.000159,-0.005155,0.002432,-0.004053
2022-09-01,0.00745,0.016985,0.00786,0.002369,0.001236,0.000159,0.007265,0.00221,-0.00381
2022-09-02,0.019527,0.024891,0.010106,0.007451,0.00828,0.000159,0.019299,-0.00159,-0.00191
2022-09-05,-0.009546,-0.007836,-0.002582,-0.009643,0.004258,0.000159,-0.0082,-0.000422,-0.004027
2022-09-06,-0.002665,-0.000476,0.001058,0.011815,0.008066,0.000159,-0.002408,-0.000769,0.004545
2022-09-07,0.000942,0.00384,0.005008,0.008567,-0.002408,0.000159,0.000521,0.004652,-0.00012
2022-09-08,-0.009526,-0.017537,-0.008757,-0.008061,-0.001719,0.000159,-0.010825,-0.00017,0.003624
2022-09-09,0.008574,0.011795,0.006869,0.015465,0.013724,0.000159,0.008731,-0.002196,-5.8e-05
2022-09-12,0.006697,0.002238,0.008854,0.001985,0.011025,0.000159,0.007202,-0.00143,0.003202
2022-09-13,0.012164,0.02335,0.01338,0.025009,0.000459,0.000159,0.0115,-0.000502,-0.004756
2022-09-14,0.007557,0.012761,0.006921,-0.000564,-0.000788,0.000159,0.007631,-0.003123,-0.003344
2022-09-15,-0.005115,-0.004014,-0.012098,-0.002226,-0.009215,0.000159,-0.005565,0.000691,0.000759
2022-09-16,-0.000873,0.002248,-0.002121,0.001082,-0.00504,0.000159,-0.001179,-0.000669,-0.000477
2022-09-19,0.007263,0.006889,0.009608,0.012347,-0.004938,0.000159,0.005114,0.001057,-0.00147
2022-09-20,-0.014094,-0.0041,-0.01844,-0.01105,0.001673,0.000159,-0.01443,-0.000997,-0.001159
2022-09-21,0.019984,0.027773,0.024481,0.014099,0.018662,0.000159,0.020601,0.004173,-0.002529
2022-09-22,-0.001217,0.0032,-0.000183,0.008128,-0.001409,0.000159,-0.001881,0.002409,-0.000307
2022-09-23,-0.00641,-0.008862,0.004187,0.000863,0.01087,0.000159,-0.006527,0.007446,0.003765
2022-09-26,0.012,0.010198,0.009049,0.014788,0.023421,0.000159,0.011236,-0.002737,0.000765
2022-09-27,-0.004244,-0.014116,-0.001369,-0.003665,-0.014829,0.000159,-0.004114,0.000842,0.004583
2022-09-28,0.005279,-0.007759,0.00486,0.013355,0.003868,0.000159,0.004947,0.001329,0.006835
2022-09-29,-0.005321,-0.004752,-0.001009,0.003349,-0.003808,0.000159,-0.006231,0.001101,-0.001677
2022-09-30,-0.007941,-0.008011,-0.001704,-0.009554,-0.007576,0.000159,-0.007034,0.003108,0.000136
2022-10-03,0.000197,0.004495,0.003866,-0.00177,0.003041,0.000159,0.000781,0.002632,-0.001468
2022-10-04,-0.014444,-0.023854,-0.011456,-0.018209,-0.012417,0.000159,-0.015087,0.003064,0.001852
2022-10-05,-0.014944,-0.02177,-0.014058,-0.005389,-0.010972,0.000159,-0.014704,-0.003113,0.007366
2022-10-06,0.004474,0.003966,-0.001117,0.00278,-0.019518,0.000159,0.004745,-0.001366,-0.002612
2022-10-07,0.004547,0.000957,0.006922,0.014657,0.00114,0.000159,0.004902,0.00072,-0.00116
2022-10-10,-0.001338,-0.005051,-0.005222,-0.007779,0.009294,0.000159,-0.002852,-0.000527,0.004114
2022-10-11,0.003469,-0.003434,0.009165,0.003258,0.028611,0.000159,0.004116,0.004402,0.004188
2022-10-12,0.003238,0.009503,0.003836,-0.005716,-0.004013,0.000159,0.002624,0.003515,-0.004558
2022-10-13,0.018196,0.028951,0.01738,0.018882,0.010212,0.000159,0.017751,0.002299,-0.003087
2022-10-14,-0.005714,-0.008544,-0.012271,-0.003752,-0.013047,0.000159,-0.003762,-0.000585,0.004068
2022-10-17,0.00063,0.003529,-0.006881,0.001247,0.006218,0.000159,0.000713,-0.000868,-0.00122
2022-10-18,0.01168,0.016735,0.01187,0.007523,0.00927,0.000159,0.011212,0.000678,0.003176
2022-10-19,0.002,0.008564,0.009249,0.002141,-0.001785,0.000159,7.7e-05,0.003688,-0.006074
2022-10-20,0.012721,0.013142,0.017347,0.013616,0.009927,0.000159,0.013675,0.004058,0.001219
2022-10-21,-0.003322,-0.005807,0.005823,0.008888,-0.000513,0.000159,-0.004557,0.006036,0.003327
2022-10-24,0.004235,0.006874,-0.003959,0.007839,0.002851,0.000159,0.003274,-0.004715,0.000727
2022-10-25,0.003091,0.001465,0.009068,-0.003724,0.017965,0.000159,0.002667,0.003798,0.000242
2022-10-26,-0.009103,-0.010312,-0.006114,-0.003449,0.001995,0.000159,-0.008129,0.001424,-9.7e-05
2022-10-27,0.004293,0.014643,0.003575,-0.00192,0.001645,0.000159,0.004753,-0.002067,-0.003251
2022-10-28,-0.02024,-0.02478,-0.018223,-0.014633,-0.019307,0.000159,-0.020525,0.00359,0.003447
2022-10-31,0.005275,0.009503,-0.000459,0.009446,0.009504,0.000159,0.005362,-0.002756,-0.000486
2022-11-01,0.003889,0.00368,0.002846,0.000949,-0.007921,0.000159,0.00325,0.003576,0.002164
2022-11-02,-0.00961,-0.003501,-0.009311,-0.007891,-0.000447,0.000159,-0.009657,-0.003102,-0.004482
2022-11-03,-0.00841,-0.007612,-0.006632,2.4e-05,-0.001564,0.000159,-0.00851,-0.000224,-0.000775
2022-11-04,-0.005814,-0.000754,-0.005711,0.001219,0.005367,0.000159,-0.005197,0.000116,-0.003904
2022-11-07,0.01598,0.011933,0.013902,0.007133,0.012992,0.000159,0.016595,0.001236,0.000846
2022-11-08,0.00157,0.010547,-0.002856,0.001495,-0.010358,0.000159,0.001807,-0.001414,-0.00156
2022-11-09,-0.005412,-0.009915,-0.014474,-0.007077,-0.002922,0.000159,-0.00586,-0.00391,0.002017
2022-11-10,0.001183,-0.002582,0.003694,0.008908,0.002504,0.000159,0.001618,-0.000999,0.00672
2022-11-11,-0.001121,-0.004765,-0.003235,-0.0059,-0.001113,0.000159,-0.001354,-0.003371,0.001844
2022-11-14,0.018461,0.015161,0.006207,0.002145,0.014249,0.000159,0.017437,-0.005482,0.00144
2022-11-15,-0.014621,-0.016739,-0.004522,-0.004294,-0.014919,0.000159,-0.015103,0.002321,0.00106
2022-11-16,-0.020042,-0.029422,-0.020125,-0.015554,-0.022356,0.000159,-0.020133,-0.001105,0.002476
2022-11-17,0.002002,0.009644,0.000419,0.000894,0.002493,0.000159,0.002572,0.00021,-0.003172
2022-11-18,0.009455,0.013517,0.001383,0.005933,0.00375,0.000159,0.009149,-0.006001,0.000631
2022-11-21,-0.000821,-0.000988,0.000671,-0.006521,-0.008365,0.000159,-0.001947,0.003957,0.000295
2022-11-22,0.00961,0.020717,0.000994,0.010685,0.001219,0.000159,0.009497,-0.00186,-0.00603
2022-11-23,0.013628,0.01795,0.012642,0.015258,-0.000335,0.000159,0.01356,-0.003636,-0.003579
2022-11-24,0.012791,0.020779,0.006531,0.006813,0.005633,0.000159,0.012781,-0.004995,-0.004096
2022-11-25,-0.002526,0.004136,-0.005862,-0.003198,-0.009785,0.000159,-0.001949,-0.00624,-0.002517
2022-11-28,0.009566,0.009345,0.007925,0.008101,0.011166,0.000159,0.010222,-0.002386,0.002475
2022-11-29,-0.004101,-0.004867,-0.006528,-0.004164,-0.007013,0.000159,-0.004736,0.000319,-0.002375
2022-11-30,-0.002059,-0.003385,0.002152,-0.00233,0.003787,0.000159,-0.00271,0.001278,-0.000109
2022-12-01,-0.000619,-0.006062,-0.009176,-0.002484,0.013996,0.000159,-0.00161,-0.003357,0.002465
2022-12-02,0.006461,0.005474,0.000142,-0.000853,-0.001206,0.000159,0.006862,-0.006204,-0.003272
2022-12-05,-0.018403,-0.020941,-0.005498,-0.01732,-0.016227,0.000159,-0.017403,0.008049,-0.000652
2022-12-06,0.010859,0.016393,0.006117,0.006304,-0.001873,0.000159,0.010448,-0.003481,-0.003573
2022-12-07,0.002811,0.00416,0.005082,0.000991,0.001093,0.000159,0.002459,0.00116,-0.002132
2022-12-08,0.006305,0.007551,0.013731,0.006483,0.016299,0.000159,0.00732,0.003527,-0.000115
2022-12-09,-0.008204,-0.003316,-0.021944,0.008216,-0.007305,0.000159,-0.007959,-0.009413,-0.002276
2022-12-12,-0.000121,0.003227,0.003537,0.00153,0.000148,0.000159,6.9e-05,-0.000477,-0.00245
2022-12-13,-0.001452,-0.015819,0.002954,0.000999,-0.000591,0.000159,-0.002563,0.004139,0.006603
2022-12-14,0.011079,0.01592,0.003723,-0.00122,0.011702,0.000159,0.011463,-0.00288,0.00151
2022-12-15,0.009455,0.014343,0.005205,0.009317,0.01363,0.000159,0.008553,-2.5e-05,0.001323
2022-12-16,0.011695,0.019866,0.011017,0.004226,0.003511,0.000159,0.010629,0.00031,-0.007114
2022-12-19,-0.006014,-0.008785,-0.018382,-0.006745,-0.015515,0.000159,-0.00645,-0.005898,0.002263
2022-12-20,0.006663,0.004764,0.000408,-0.002425,0.001617,0.000159,0.006035,-0.006579,0.000404
2022-12-21,-0.002113,-0.00917,-0.000429,0.000444,-0.010294,0.000159,-0.002449,0.000301,0.003133
2022-12-22,-0.028285,-0.028245,-0.025513,-0.023457,-0.030318,0.000159,-0.029597,0.001332,-0.000813
2022-12-23,0.004925,0.019872,0.007386,0.002241,-0.008762,0.000159,0.005534,0.005136,-0.005743
2022-12-26,-0.0062,-0.006822,-0.011474,8.2e-05,-0.006547,0.000159,-0.005456,-0.001263,0.000552
2022-12-27,-0.002715,-0.007431,-0.006435,-0.004417,-0.009882,0.000159,-0.004432,0.001212,0.000729
2022-12-28,-0.004124,-0.003708,0.00121,-0.002689,-0.002007,0.000159,-0.0035,0.003862,-0.001959
2022-12-29,0.002921,0.002848,0.010968,0.00819,0.014339,0.000159,0.002114,0.002601,-0.000868
2022-12-30,0.001242,0.00013,0.004795,0.008327,6e-06,0.000159,0.001769,0.002011,0.000914
2023-01-02,0.000405,-0.010531,-0.003912,-0.008571,-0.003342,0.000159,0.000192,-0.001686,0.005572
2023-01-03,-0.003906,-0.002744,-0.000256,-0.008587,-0.002606,0.000159,-0.004042,-5.3e-05,0.001242
2023-01-04,0.00677,0.012091,0.008547,-0.000183,0.011765,0.000159,0.006463,0.00012,-0.003117
2023-01-05,-0.010899,-0.009552,-0.013944,-0.006174,-0.011115,0.000159,-0.010088,-0.001934,2.9e-05
2023-01-06,0.000789,-0.001754,0.000126,-0.004963,-0.003289,0.000159,-0.000362,0.00288,0.002942
2023-01-09,0.02332,0.027503,0.022585,0.021242,0.028616,0.000159,0.023647,-0.004529,0.000658
2023-01-10,0.007196,0.009201,0.011278,0.010167,0.004337,0.000159,0.007918,0.004453,-0.00092
2023-01-11,0.001368,-0.004992,0.001273,0.000617,0.003781,0.000159,0.001782,-0.001921,0.002102
2023-01-12,-0.00172,-0.005626,-0.003694,-0.012065,0.008594,0.000159,-1.9e-05,-0.003731,0.001945
2023-01-13,0.000598,-0.002125,-0.002525,-0.002747,0.003615,0.000159,1.7e-05,0.000798,-0.00121
2023-01-16,-0.010159,-0.006592,0.000294,-0.011118,-0.016138,0.000159,-0.009552,0.00669,-0.001814
2023-01-17,-0.001823,-0.002352,-0.00351,-0.000493,0.013807,0.000159,-0.002067,0.001666,0.001701
2023-01-18,-0.014873,-0.017953,-0.014759,-0.012751,-0.002053,0.000159,-0.014045,0.001658,0.002516
2023-01-19,-0.020613,-0.025897,-0.024201,-0.014346,-0.015616,0.000159,-0.020778,0.002325,0.001573
2023-01-20,0.019631,0.020399,0.022587,0.01618,0.020861,0.000159,0.019162,0.002595,0.000128
2023-01-23,0.017541,0.015083,0.01153,0.015331,0.017732,0.000159,0.018427,-0.003319,-0.000666
2023-01-24,-0.002574,-4.6e-05,0.002442,-0.004062,-0.000147,0.000159,-0.003126,0.003194,0.000396
2023-01-25,-0.003749,-0.005705,-0.004826,-0.005935,-0.00418,0.000159,-0.005038,0.001948,0.000627
2023-01-26,-0.005769,-0.0095,-0.01737,-0.000751,-0.000705,0.000159,-0.006341,-0.007359,0.00094
2023-01-27,-0.018316,-0.018368,-0.018845,-0.020512,-0.012545,0.000159,-0.017979,-0.001568,-0.000703
2023-01-30,0.001406,-0.005715,0.012724,0.005069,-0.003416,0.000159,0.002361,0.005041,0.002723
2023-01-31,-0.001397,0.00613,-0.011297,-0.003351,-0.002581,0.000159,-0.001466,-0.00916,-0.003906
2023-02-01,0.008825,0.011744,0.010198,0.008278,-0.000383,0.000159,0.009721,0.000962,0.000149
2023-02-02,0.006862,0.010418,0.002005,0.002982,0.000413,0.000159,0.005617,-0.006201,-0.002213
2023-02-03,-0.006019,-0.012572,-0.001979,-0.011048,-0.001467,0.000159,-0.006533,0.002126,0.005807
2023-02-06,-0.015995,-0.024446,-0.017606,-0.00983,-0.014788,0.000159,-0.016385,0.000925,0.006311
2023-02-07,-0.005276,-0.001085,-0.004369,-0.007647,-0.000426,0.000159,-0.005527,-0.0005,-0.00346
2023-02-08,0.004375,-0.001546,0.01096,-0.00061,0.00813,0.000159,0.004283,0.006647,0.002508
2023-02-09,0.019359,0.023749,0.021408,0.021067,0.033437,0.000159,0.019753,-0.001897,-0.003058
2023-02-10,0.002586,0.005491,0.008015,6.1e-05,-0.004615,0.000159,0.002071,0.005097,-0.001815
2023-02-13,0.004575,0.014178,0.004172,0.007687,0.001136,0.000159,0.004528,0.001149,0.000164
2023-02-14,0.007008,0.008562,-0.003424,0.000935,0.007225,0.000159,0.006813,-0.008648,-0.001237
2023-02-15,0.005156,0.003164,0.009567,0.00738,0.00296,0.000159,0.004257,0.007627,0.001518
2023-02-16,-0.020057,-0.028289,-0.015709,-0.017334,-0.010591,0.000159,-0.020306,0.002047,0.004375
2023-02-17,0.006894,0.009404,0.005486,0.006473,0.00755,0.000159,0.00662,-0.002459,-0.003005
2023-02-20,-0.009379,-0.006244,-0.013576,-0.000225,-0.022661,0.000159,-0.00967,-0.004912,-0.002964
2023-02-21,-0.010207,-0.014679,-0.009453,-0.005101,0.003978,0.000159,-0.01034,-6.3e-05,-0.000623
2023-02-22,-0.003018,-0.002679,-0.008868,-0.009414,-0.006748,0.000159,-0.003116,-0.00318,-0.001908
2023-02-23,0.000712,-0.003799,0.006688,0.00761,-0.00433,0.000159,0.000207,0.003194,-0.003896
2023-02-24,-0.013817,-0.024086,-0.019053,-0.018001,-0.014019,0.000159,-0.012958,-0.003214,0.005197
2023-02-27,-0.006457,-0.009052,0.004131,0.004692,0.004731,0.000159,-0.007551,0.00656,0.005146
2023-02-28,0.008108,0.017245,0.001402,7.1e-05,0.005596,0.000159,0.007373,-0.004129,-0.003359
2023-03-01,0.005639,0.000554,0.012432,0.012723,0.008736,0.000159,0.007704,-0.000473,-0.000798
2023-03-02,-0.014146,-0.017304,-0.006474,-0.011039,-0.016744,0.000159,-0.015135,0.003537,-2.2e-05
2023-03-03,0.000176,-0.001547,-0.000459,0.004773,-0.011177,0.000159,-0.001065,-0.005053,-0.000229
2023-03-06,0.017021,0.024693,0.012062,0.013189,0.011579,0.000159,0.01745,-0.001772,-0.005104
2023-03-07,-0.007046,-0.012788,-0.007431,-0.010283,0.003844,0.000159,-0.008866,-0.002151,0.004017
2023-03-08,-0.005111,-0.003728,-0.00439,0.000663,-0.012131,0.000159,-0.005457,0.000687,0.001067
2023-03-09,0.008657,0.011127,0.012075,0.005995,0.026498,0.000159,0.010215,0.004337,-0.003299
2023-03-10,-0.007067,-0.005364,-0.007754,0.002775,-0.001193,0.000159,-0.008462,-0.002241,0.000769
2023-03-13,-0.005356,-0.009699,-0.008337,0.000948,-0.003131,0.000159,-0.0071,0.000632,0.004791
2023-03-14,0.000641,-0.003074,-0.001729,0.008109,0.005888,0.000159,-0.000717,-0.002052,0.005291
2023-03-15,-0.00225,-0.001042,0.001954,0.00511,-0.004123,0.000159,-0.00169,0.005609,0.005247
2023-03-16,-0.009909,-0.006095,-0.01663,-0.015394,-0.007323,0.000159,-0.009168,-0.004091,-0.003329
2023-03-17,0.005614,0.008504,0.006021,-0.008284,-0.00409,0.000159,0.005046,-0.001478,0.004493
2023-03-20,0.002065,0.001968,0.006969,0.005677,0.010447,0.000159,0.002452,0.003827,-0.00067
2023-03-21,0.019937,0.019537,0.023802,0.01137,0.015111,0.000159,0.020891,0.001061,-0.001025
2023-03-22,0.00967,0.012457,0.003837,-0.001548,0.002529,0.000159,0.010941,-0.0046,-0.000461
2023-03-23,0.023454,0.026078,0.028605,0.030823,0.009188,0.000159,0.023098,0.00162,-0.002214
2023-03-24,0.018174,0.025041,9.7e-05,0.009808,0.016285,0.000159,0.016174,-0.009128,-0.001949
2023-03-27,-0.009232,-0.009866,-0.015318,-0.011424,-0.006636,0.000159,-0.010047,-0.000358,-0.002386
2023-03-28,0.008555,0.003341,0.006669,0.005866,0.000189,0.000159,0.008055,-0.004811,0.001608
2023-03-29,0.01431,0.026536,0.015909,0.014111,0.022372,0.000159,0.013944,0.000846,-0.002319
2023-03-30,0.010816,0.012128,0.004975,0.006112,0.00366,0.000159,0.010507,-0.001671,-0.000639
2023-03-31,-7e-06,-0.010957,-0.00327,0.000656,-0.002696,0.000159,0.00073,-0.001245,0.004663
2023-04-03,-0.017427,-0.026832,-0.02148,-0.016094,-0.032844,0.000159,-0.016566,0.000593,0.004713
2023-04-04,0.008922,0.005766,0.007345,0.006827,0.013791,0.000159,0.008626,-0.000937,0.003604
2023-04-05,-0.006575,-0.000711,-0.001835,0.000749,0.00695,0.000159,-0.005855,0.002001,-0.005656
2023-04-06,0.004293,0.008532,0.002329,0.000874,0.006117,0.000159,0.00442,0.000203,-0.000527
2023-04-07,0.002274,0.008257,0.004086,0.008484,0.00659,0.000159,0.002167,0.001104,-0.002929
2023-04-10,0.017588,0.018297,0.009847,0.007066,0.00089,0.000159,0.018155,-0.004651,5e-05
2023-04-11,0.000548,0.008539,0.002823,0.006531,0.007783,0.000159,0.000447,0.002169,-0.001076
2023-04-12,-0.009973,-0.009068,-0.017623,-0.014578,-0.018492,0.000159,-0.008486,-0.00513,-0.002751
2023-04-13,0.0048,-0.000513,0.009338,0.008633,0.010391,0.000159,0.003491,0.001047,0.0001
2023-04-14,0.002874,-0.006212,0.004934,-0.006942,-0.000492,0.000159,0.002303,-2.6e-05,-0.000236
2023-04-17,0.006852,0.011992,0.008702,0.007481,-0.004853,0.000159,0.006592,0.003631,-0.003154
2023-04-18,0.007589,0.008353,0.006391,0.004388,0.016671,0.000159,0.007782,-0.007041,0.002355
2023-04-19,0.010677,0.019301,0.013602,0.015664,0.019094,0.000159,0.011532,0.002254,-0.003691
2023-04-20,0.002768,0.003917,8.6e-05,0.010591,0.014663,0.000159,0.00259,-0.001273,-0.00314
2023-04-21,0.005149,-0.004372,0.010001,0.010157,0.007776,0.000159,0.003852,-0.000936,0.002837
2023-04-24,0.018964,0.030409,0.030611,0.01713,0.0294,0.000159,0.01948,0.006443,-0.007554
2023-04-25,-0.006654,0.000152,-0.002218,-0.008563,-0.008378,0.000159,-0.006208,0.00317,-0.004973
2023-04-26,-0.002784,0.001022,0.000529,0.002022,0.003964,0.000159,-0.004496,0.002836,-0.000745
2023-04-27,-0.023631,-0.034485,-0.020211,-0.018979,-0.00663,0.000159,-0.023793,-0.003594,0.001994
2023-04-28,-0.004025,-0.00707,-0.002613,-0.007296,0.000254,0.000159,-0.005456,0.003439,0.003443
2023-05-01,0.006381,0.004544,0.008694,0.010572,0.010722,0.000159,0.00569,-0.000319,0.000592
2023-05-02,-0.004506,-0.009124,-0.005495,-0.012837,-0.008174,0.000159,-0.005387,0.000879,0.002018
2023-05-03,-0.002034,-7.8e-05,0.003647,-0.004059,-0.009217,0.000159,-0.001545,0.004323,-0.001339
2023-05-04,-0.004228,-0.011539,-0.007197,-0.003475,-0.00841,0.000159,-0.004294,-0.003237,0.00447
2023-05-05,-0.003523,-0.008644,0.00068,-0.012188,-0.001699,0.000159,-0.004711,0.003423,0.003614
2023-05-08,0.002146,-0.001422,0.000683,-0.008721,-0.00481,0.000159,0.002692,-0.001503,0.002098
2023-05-09,0.009096,0.007916,0.020272,0.007683,0.018056,0.000159,0.00779,0.001445,0.001602
2023-05-10,0.00498,-0.003206,0.003309,0.00838,-0.004756,0.000159,0.005085,0.0015,0.00285
2023-05-11,-9.8e-05,0.000188,0.005993,-0.000197,-0.004651,0.000159,-0.000908,0.001495,0.00097
2023-05-12,0.015247,0.017159,0.027125,0.023807,0.018609,0.000159,0.014796,0.00423,-0.00144
2023-05-15,0.003208,-0.002182,0.006007,-0.002578,-0.003619,0.000159,0.003453,0.000593,0.002161
2023-05-16,-0.005375,-0.002497,-0.012518,-0.004809,-0.010832,0.000159,-0.005116,-0.003027,-0.0017
2023-05-17,-0.00642,-0.006837,-0.009003,-0.0023,-0.001039,0.000159,-0.005509,-0.001406,-0.000748
2023-05-18,0.004282,0.000877,0.007384,0.010591,0.008813,0.000159,0.004057,0.002647,-1.6e-05
2023-05-19,-0.019427,-0.02825,-0.024673,-0.02041,-0.020504,0.000159,-0.01934,-0.005302,0.004465
2023-05-22,-0.020863,-0.023716,-0.037555,-0.023357,-0.015676,0.000159,-0.021372,-0.009831,0.003762
2023-05-23,-0.003258,-0.014252,0.001895,-0.000296,0.029438,0.000159,-0.003271,0.002344,0.00674
2023-05-24,-0.019399,-0.021632,-0.02009,-0.017939,-0.014663,0.000159,-0.019206,0.00345,-0.00162
2023-05-25,-0.014013,-0.022334,-0.016973,-0.004787,-0.008838,0.000159,-0.014251,-0.001707,0.005907
2023-05-26,-0.006544,0.001462,-0.007657,-0.001084,0.004389,0.000159,-0.008146,0.001614,-0.003839
2023-05-29,-0.006429,-0.007828,-0.006082,-0.003642,-0.003354,0.000159,-0.006322,0.000251,0.001761
2023-05-30,0.015392,0.016937,0.009389,0.016579,0.024741,0.000159,0.015525,-0.003969,-0.002431
2023-05-31,-0.005338,-0.0084,0.000473,-0.006414,-0.00507,0.000159,-0.006041,0.002412,0.001509
2023-06-01,0.003479,-0.010728,0.002989,-0.006991,0.007962,0.000159,0.002292,-0.000581,0.00631
2023-06-02,0.004833,0.015075,0.009422,0.00317,-0.002465,0.000159,0.005855,0.003502,-0.007066
2023-06-05,-0.007433,-0.014345,0.000684,-0.005874,-0.008273,0.000159,-0.007198,0.006808,0.003981
2023-06-06,-0.016896,-0.020758,-0.026389,-0.004989,-0.015229,0.000159,-0.017238,-0.004028,0.004237
2023-06-07,0.012405,0.015982,0.014388,0.017721,0.014971,0.000159,0.011337,0.003365,-0.00178
2023-06-08,-0.015321,-0.018407,-0.021917,0.000194,-0.00829,0.000159,-0.016138,-0.005227,0.003955
2023-06-09,0.001084,0.001757,0.002286,-0.006482,-0.001574,0.000159,0.001968,-0.000228,-0.000648
2023-06-12,-0.017724,-0.012464,-0.013784,-0.02077,-0.027953,0.000159,-0.017773,0.000521,-0.000405
2023-06-13,0.010686,0.019547,0.002133,-0.001519,0.011551,0.000159,0.010086,-0.003647,-0.007982
2023-06-14,-0.014034,-0.015129,-0.005141,-0.011921,-0.003229,0.000159,-0.013785,0.003729,0.005276
2023-06-15,-0.017363,-0.018975,-0.020017,-0.013949,-0.022273,0.000159,-0.018173,0.000132,0.003636
2023-06-16,0.004708,0.007769,0.002754,0.004252,0.00093,0.000159,0.00575,-0.002839,-0.001794
2023-06-19,0.006197,0.008827,0.010241,-0.006257,0.002339,0.000159,0.007121,0.002108,-0.004996
2023-06-20,0.004442,0.002393,0.001348,-0.002436,-0.003307,0.000159,0.00391,-0.000173,0.001396
2023-06-21,-0.004878,-0.007727,-0.003392,-0.006046,-0.008408,0.000159,-0.005539,-0.003388,-0.001748
2023-06-22,-0.013987,-0.016774,-0.01142,-0.005608,0.002458,0.000159,-0.016241,0.005527,0.002004
2023-06-23,0.002322,0.012392,0.006023,0.005634,0.001933,0.000159,0.000978,0.001284,-0.003205
2023-06-26,0.011805,0.009056,0.009343,0.009416,0.018183,0.000159,0.010575,-0.005281,-0.000783
2023-06-27,-0.018135,-0.018225,-0.019389,-0.012968,-0.007723,0.000159,-0.018186,-0.000311,0.002278
2023-06-28,0.010296,0.015707,0.005125,0.01179,0.016862,0.000159,0.009877,-0.002519,-0.000553
2023-06-29,-0.006531,-0.004926,-0.004358,-0.015956,-0.010241,0.000159,-0.007766,0.000923,0.001309
2023-06-30,-0.002458,-0.002007,-0.002999,-0.006228,0.009145,0.000159,-0.002842,0.001712,-0.000163
2023-07-03,-0.004194,-0.006953,-0.004461,0.00105,0.005888,0.000159,-0.003948,0.001361,-0.001728
2023-07-04,0.00109,0.001136,-0.009963,0.006839,0.001876,0.000159,0.001354,-0.004931,0.001938
2023-07-05,0.00944,0.010008,0.015326,-0.003287,0.003147,0.000159,0.007761,0.003843,-0.000768
2023-07-06,0.004506,0.002241,0.003191,-0.002322,0.000331,0.000159,0.004245,-0.000867,-0.001873
2023-07-07,-0.027216,-0.041247,-0.034741,-0.023138,-0.023087,0.000159,-0.028482,-0.000211,0.008316
2023-07-10,-0.005362,-0.009718,-0.013016,-0.016288,-0.007817,0.000159,-0.004799,-0.006785,0.005941
2023-07-11,-0.000518,0.002357,-0.009379,0.001592,-0.009568,0.000159,-4.9e-05,-0.004151,-0.001233
2023-07-12,-0.013534,-0.014012,-0.006262,-0.005516,-0.01172,0.000159,-0.014412,0.003766,0.004509
2023-07-13,-0.007012,-0.003642,-0.00235,0.005526,0.002249,0.000159,-0.007783,0.003958,-0.001165
2023-07-14,0.022076,0.017603,0.025747,0.006432,0.020934,0.000159,0.021548,0.000148,0.001028
2023-07-17,0.002159,0.009176,-0.004216,-0.003431,0.004659,0.000159,0.000198,-0.006675,-0.004068
2023-07-18,0.008954,0.005361,0.020007,0.018717,0.027789,0.000159,0.009064,0.00584,0.004711
2023-07-19,-0.015338,-0.015201,-0.021975,-0.009544,-0.009735,0.000159,-0.015715,-0.002756,-0.001615
2023-07-20,0.003096,0.009759,0.007847,0.002932,-0.012377,0.000159,0.003713,0.005355,-0.001195
2023-07-21,-0.009773,-0.01031,-0.004508,-0.014276,-0.000705,0.000159,-0.010811,9.2e-05,-0.000903
2023-07-24,0.000519,0.006817,-0.002736,0.003402,-0.004749,0.000159,-0.000135,0.000682,-0.00344
2023-07-25,0.002575,0.004173,0.007634,0.009486,0.005515,0.000159,0.001212,0.007264,0.001422
2023-07-26,-0.00797,-0.002747,-0.008562,-0.005476,0.000885,0.000159,-0.008932,-0.001051,-0.002849
2023-07-27,0.006721,0.007027,0.006843,0.008562,0.000645,0.000159,0.005617,-0.002521,-0.000932
2023-07-28,0.008773,0.017714,0.015172,0.008767,0.01343,0.000159,0.009411,0.002385,-0.001311
2023-07-31,-0.007786,-0.005054,-0.018874,-0.001007,-0.01194,0.000159,-0.008504,-0.005516,0.002102
2023-08-01,-0.005563,-0.019029,0.003889,0.000144,-0.008491,0.000159,-0.005623,0.005854,0.006675
2023-08-02,0.016326,0.025362,0.01775,0.007263,0.004646,0.000159,0.015862,-0.000471,-0.004924
2023-08-03,0.010858,0.015456,0.021728,0.011268,0.0164,0.000159,0.009684,0.008546,-0.002861
2023-08-04,0.020217,0.026535,0.019535,0.009909,0.033098,0.000159,0.019924,-0.00257,-0.002367
2023-08-07,0.002263,0.003882,0.008826,0.005211,-0.001066,0.000159,0.002584,-0.000197,-5e-06
2023-08-08,-0.009976,-0.019435,0.000791,-0.001813,-0.012272,0.000159,-0.0111,0.007597,0.001808
2023-08-09,-0.012575,-0.006423,-0.007597,-0.009777,-0.001356,0.000159,-0.012087,-0.00206,-0.001015
2023-08-10,-0.008765,-0.00226,-0.005151,-0.006852,-0.009174,0.000159,-0.009603,0.001399,-0.002431
2023-08-11,0.004469,0.004773,0.004531,-0.009006,-0.00559,0.000159,0.003924,0.006267,-0.003553
2023-08-14,-0.010557,-0.019946,-0.014992,0.00085,-0.008806,0.000159,-0.010291,-0.002242,0.001898
2023-08-15,0.004205,-0.000611,0.013456,0.015587,0.000604,0.000159,0.003515,0.002384,0.000918
2023-08-16,-0.002258,-0.00652,0.012439,0.008511,0.01188,0.000159,-0.002387,0.007234,0.001559
2023-08-17,0.010906,0.01364,0.015962,0.01008,0.003775,0.000159,0.010496,0.002426,0.002685
2023-08-18,-0.000303,-0.007117,0.004148,0.01011,0.002331,0.000159,-0.000358,0.002546,0.003202
2023-08-21,0.005069,0.005978,0.007624,-0.009886,0.004256,0.000159,0.003005,0.002602,-0.002045
2023-08-22,-0.001714,-0.003358,0.010006,-0.003815,0.001023,0.000159,-0.003336,0.003782,0.001099
2023-08-23,0.008387,0.007787,0.003561,0.004356,0.008514,0.000159,0.008721,0.000962,-0.000464
2023-08-24,-0.016472,-0.012849,-0.013653,-0.005758,-0.001767,0.000159,-0.015801,0.0019,-0.0008
2023-08-25,0.005361,0.011001,0.010042,-0.000897,0.007107,0.000159,0.004474,0.003794,-0.001095
2023-08-28,0.001782,0.009936,0.006357,-0.00394,-0.004973,0.000159,0.001428,0.001031,-0.000843
2023-08-29,-0.003283,-0.010202,-0.003989,-0.006329,0.010023,0.000159,-0.003206,0.00222,0.002719
2023-08-30,0.010743,0.007334,0.021658,0.021656,0.022771,0.000159,0.011139,0.004943,0.004642
2023-08-31,0.002065,0.002888,-0.000616,-0.000481,-0.000942,0.000159,0.000284,-0.000786,0.001487
2023-09-01,0.000896,-0.005438,0.007336,-0.010415,0.011074,0.000159,2.9e-05,0.001354,0.001119
2023-09-04,-0.002471,-0.003989,-0.008067,-0.006421,-0.000366,0.000159,-0.002896,-0.004792,0.005027
2023-09-05,-0.008383,-0.011642,-0.004507,-0.009014,0.00713,0.000159,-0.00798,0.003315,0.001957
2023-09-06,0.008147,0.008281,0.015493,0.004317,0.009218,0.000159,0.009987,0.002785,-0.001724
2023-09-07,-0.004367,-0.005924,-0.00033,-0.00548,-0.009419,0.000159,-0.004708,0.000311,0.003929
2023-09-08,0.016664,0.022271,0.011999,0.014656,-0.00334,0.000159,0.01538,-0.003619,0.001913
2023-09-11,0.005176,0.013723,0.001617,-0.003872,0.014917,0.000159,0.005339,-0.000381,-0.003485
2023-09-12,-0.017001,-0.011791,-0.01625,-0.019451,-0.003358,0.000159,-0.016103,-0.000883,-0.003091
2023-09-13,0.00685,0.00744,0.009114,0.014127,0.000259,0.000159,0.006778,0.000897,-0.000581
2023-09-14,0.013477,0.023876,0.006066,0.00914,-0.002754,0.000159,0.012593,-0.003676,-0.00273
2023-09-15,0.003694,0.005208,0.005759,0.003198,-0.00528,0.000159,0.004301,-0.002802,0.00195
2023-09-18,0.002611,0.008969,0.00774,0.002506,0.010183,0.000159,0.002984,-0.000378,-0.001402
2023-09-19,0.002531,0.009936,0.003873,0.003361,0.004169,0.000159,0.001552,0.001343,-0.002758
2023-09-20,-0.007504,-0.014487,0.00628,0.004327,-0.008971,0.000159,-0.007357,0.005418,0.005789
2023-09-21,0.001077,-0.003481,0.009262,-4.3e-05,0.007535,0.000159,0.001716,0.006206,0.001197
2023-09-22,0.022285,0.032514,0.01659,0.022641,0.016355,0.000159,0.023071,-0.000914,-0.00203
2023-09-25,-0.007427,-0.009166,-0.000869,-0.007933,0.003162,0.000159,-0.007639,0.004718,0.000119
2023-09-26,-0.012421,-0.014618,-0.013106,-0.007656,-0.005018,0.000159,-0.012866,0.003297,0.001741
2023-09-27,-0.008965,-0.006505,-0.016943,-0.006213,-0.010575,0.000159,-0.008142,-0.004155,-0.001211
2023-09-28,0.018429,0.026087,0.007903,0.008082,0.006187,0.000159,0.017302,-0.003965,-0.003175
2023-09-29,-0.001842,-0.000601,-0.004092,0.000377,0.001857,0.000159,-0.00165,-0.002294,-0.001251
2023-10-02,-0.004321,-0.005384,-0.009882,-0.011554,-0.005639,0.000159,-0.005576,0.002124,0.003115
2023-10-03,0.007837,0.012261,0.010823,0.002308,0.00944,0.000159,0.008531,0.00546,-0.003236
2023-10-04,0.000468,0.010972,-0.001183,-0.00398,-0.000197,0.000159,0.000103,-0.000802,-0.005682
2023-10-05,0.011731,0.016962,0.011338,0.01142,0.016832,0.000159,0.012587,0.000577,0.002149
2023-10-06,-0.010459,-0.012048,-0.010108,-0.009037,-0.008753,0.000159,-0.010224,0.002894,0.002591
2023-10-09,-0.010236,-0.006436,-0.00599,-0.011799,-0.005677,0.000159,-0.011373,0.001828,-0.00629
2023-10-10,0.012516,0.019476,0.020287,0.01795,0.012499,0.000159,0.013497,0.002572,-0.003914
2023-10-11,-0.005032,-0.007029,0.002312,0.006445,-0.006352,0.000159,-0.003949,0.00542,-0.002825
2023-10-12,-0.000934,0.005731,0.001273,-0.00017,-0.011088,0.000159,-0.000386,0.00126,-0.004567
2023-10-13,0.00307,0.002444,0.025241,0.021064,0.011002,0.000159,0.002302,0.011452,-0.006027
2023-10-16,0.009858,0.003843,0.004256,0.008871,0.016121,0.000159,0.009454,-0.00447,0.002132
2023-10-17,-0.010997,-0.018077,-0.022268,-0.010088,-0.014116,0.000159,-0.01104,-0.009071,0.000548
2023-10-18,-0.00395,-0.011399,-0.008451,-0.001462,-0.002774,0.000159,-0.004671,-0.001779,0.003099
2023-10-19,-0.009054,-0.010104,-0.000729,-0.01475,-0.005716,0.000159,-0.007859,0.005973,-0.00283
2023-10-20,0.012302,0.005287,0.012675,0.020909,0.012973,0.000159,0.012259,-0.000265,0.002972
2023-10-23,0.00346,0.008391,0.004313,0.002659,0.011741,0.000159,0.001138,0.003299,-0.002802
2023-10-24,0.006715,0.005686,0.002301,0.000324,0.006496,0.000159,0.006827,-0.003615,0.003415
2023-10-25,-0.016996,-0.021409,-0.018138,-0.016549,-0.026273,0.000159,-0.017433,-0.00268,0.004588
2023-10-26,0.004812,0.001456,0.006323,0.011628,0.003434,0.000159,0.004593,0.000621,0.002913
2023-10-27,0.002843,0.001905,0.001839,0.003163,-0.005704,0.000159,0.00239,-0.000667,-0.000278
2023-10-30,-0.012791,-0.01518,-0.018244,-0.008975,-0.028394,0.000159,-0.012304,-0.001186,0.004926
2023-10-31,0.006622,0.010506,5.5e-05,0.003816,-0.010505,0.000159,0.007359,-0.004834,-0.00466
2023-11-01,-0.003237,-0.00971,-0.005776,-0.001901,-0.0019,0.000159,-0.003169,0.001467,-0.000218
2023-11-02,-0.005966,-0.004415,0.000645,-0.00097,-0.006629,0.000159,-0.006396,0.007239,-0.000788
2023-11-03,0.010243,0.010232,0.018045,0.011428,0.007966,0.000159,0.010051,0.003823,0.004512
2023-11-06,-0.005436,-0.013496,0.005972,0.003372,-0.002342,0.000159,-0.005579,0.008203,0.002819
2023-11-07,-0.001024,0.000873,0.007575,-0.005473,-0.001687,0.000159,-0.001825,0.002187,-0.001125
2023-11-08,-0.01286,-0.016366,-0.016053,-0.015736,-0.014612,0.000159,-0.012556,0.000554,-0.001481
2023-11-09,-0.003133,0.004224,-0.001879,0.003786,-0.001592,0.000159,-0.002923,0.002721,-0.001051
2023-11-10,-0.010025,-0.006681,-0.003596,-0.005341,-0.010065,0.000159,-0.008951,0.004941,0.000569
2023-11-13,0.003266,-0.000235,0.001825,0.004316,7e-05,0.000159,0.004112,-0.000752,0.002978
2023-11-14,0.001759,0.00538,-0.003478,-0.010367,0.005552,0.000159,0.001052,-0.008527,-0.002707
2023-11-15,0.013638,0.018833,0.009616,0.009282,0.004611,0.000159,0.014135,-0.003295,-0.003492
2023-11-16,0.01574,0.012285,0.020075,0.009609,0.016133,0.000159,0.014821,0.000916,-0.001204
2023-11-17,0.00999,0.011603,0.008736,0.009926,0.007673,0.000159,0.010388,-0.002583,-0.000477
2023-11-20,0.018027,0.014232,0.015779,0.011393,0.018881,0.000159,0.017455,-0.000879,-0.000643
2023-11-21,-0.010804,-0.00549,-0.004714,-0.002317,-0.00374,0.000159,-0.011781,0.002207,-0.00448
2023-11-22,0.01227,0.010883,0.014825,0.016977,-0.005863,0.000159,0.012336,-0.000372,-0.000292
2023-11-23,-0.003516,-0.001799,-0.005369,-0.010227,-0.010347,0.000159,-0.005814,-0.003044,-0.001665
2023-11-24,0.021149,0.023075,0.019553,0.014527,0.019651,0.000159,0.019589,-0.002229,-0.001846
2023-11-27,-0.006551,-0.003532,-0.011118,-0.004002,-0.019916,0.000159,-0.006851,-4.1e-05,-0.000275
2023-11-28,0.019545,0.018911,0.020682,0.015816,0.019803,0.000159,0.019452,-0.000753,0.000412
2023-11-29,0.005209,0.001721,0.013665,0.015592,0.00369,0.000159,0.004755,0.003198,0.000819
2023-11-30,0.002707,9.6e-05,0.016179,0.000888,0.001027,0.000159,0.001285,0.005822,0.001411
2023-12-01,-0.018367,-0.021932,-0.03267,-0.020516,-0.018129,0.000159,-0.01918,-0.006474,-0.000557
2023-12-04,-0.007803,-0.007089,-0.016442,-0.00467,-0.015217,0.000159,-0.007649,-0.003407,-7.5e-05
2023-12-05,-0.004239,-0.011801,-0.010577,-0.003753,-0.009084,0.000159,-0.003932,-0.009259,0.003326
2023-12-06,-0.004168,-0.005201,0.009347,-0.00865,0.004377,0.000159,-0.00434,0.008801,-0.002593
2023-12-07,-0.006047,-0.00864,0.004122,0.001712,-0.011533,0.000159,-0.00528,0.007958,0.003028
2023-12-08,-0.010536,-0.008866,-0.006351,-0.008993,-0.015284,0.000159,-0.010377,-8e-06,-0.002431
2023-12-11,0.002345,0.004681,0.007099,-0.000233,0.023844,0.000159,0.001589,0.000432,-0.000754
2023-12-12,-0.000591,0.000402,0.001815,0.000832,0.001264,0.000159,-0.000974,0.000302,0.001931
2023-12-13,0.014291,0.016512,0.0191,0.014341,0.016896,0.000159,0.01301,0.000893,0.000963
2023-12-14,-0.009021,-0.009618,-0.01614,-0.002582,-0.014345,0.000159,-0.009266,-0.003112,0.000308
2023-12-15,-0.014207,-0.016708,-0.01639,-0.023399,-0.017932,0.000159,-0.013476,-0.004984,0.000275
2023-12-18,0.00642,-0.001689,0.016036,0.00654,0.010646,0.000159,0.006809,0.002572,0.005138
2023-12-19,0.011226,0.0207,0.009645,0.009283,0.001143,0.000159,0.012189,0.002288,-0.00244
2023-12-20,0.006057,0.007685,-0.003595,-0.001989,0.008038,0.000159,0.005656,-0.006683,-0.001888
2023-12-21,-0.000195,0.006634,-0.001879,0.000744,-0.00617,0.000159,0.000723,0.001645,-0.004321
2023-12-22,0.015208,0.016375,0.014759,0.001712,0.003204,0.000159,0.014895,0.000486,-0.004611
2023-12-25,-0.005373,-0.005464,-0.002739,-0.009453,0.008261,0.000159,-0.004354,-0.002302,0.000344
2023-12-26,-0.006584,-0.00742,-0.000332,0.003417,-0.004489,0.000159,-0.006761,0.004397,0.000169
2023-12-27,-0.000131,7e-05,0.004173,0.01067,0.006134,0.000159,0.000276,0.001917,0.002192
2023-12-28,-0.01403,-0.018254,-0.015747,-0.009914,-0.005284,0.000159,-0.013008,-0.00177,0.002408
2023-12-29,0.001218,0.000304,0.005401,-0.000415,0.002393,0.000159,0.000905,0.002581,0.003034
2024-01-01,0.000522,-0.008161,-0.002427,0.003983,-0.000936,0.000159,0.000538,-0.000525,0.002078
2024-01-02,0.009771,0.011036,0.005901,0.000457,0.008604,0.000159,0.010643,-0.00052,0.00177
2024-01-03,0.000312,-0.001112,0.002942,-0.001252,-0.002998,0.000159,4.7e-05,0.003672,-0.000488
2024-01-04,-0.004148,-0.008379,-0.005582,-0.002891,-0.000406,0.000159,-0.005364,9.9e-05,0.003248
2024-01-05,0.012599,0.012329,0.019111,0.001122,0.011841,0.000159,0.014155,0.000505,-0.00281
2024-01-08,0.002715,-0.001676,0.003369,-0.001921,-0.019713,0.000159,0.00218,-0.00062,0.002226
2024-01-09,-0.00774,-0.012317,-0.002057,-0.015672,-0.003142,0.000159,-0.007772,0.008728,-0.002138
2024-01-10,0.018038,0.013087,0.002741,0.015513,0.020637,0.000159,0.018804,-0.006199,0.001446
2024-01-11,-0.012647,-0.013103,-0.009843,-0.008329,0.000274,0.000159,-0.013293,0.006141,0.001063
2024-01-12,-0.005403,-0.012142,0.003059,-0.005199,-0.002186,0.000159,-0.006368,0.007022,0.001653
2024-01-15,-0.017098,-0.017042,-0.017259,-0.022551,-0.000204,0.000159,-0.017054,0.000403,-0.002123
2024-01-16,0.005083,0.007333,0.006857,-0.001353,0.01203,0.000159,0.00349,0.00149,0.000792
2024-01-17,-0.007543,-0.013046,-0.001472,-0.006318,-0.005599,0.000159,-0.007932,0.002962,0.001994
2024-01-18,-0.000168,-0.009785,-0.007227,0.003546,-0.004388,0.000159,-0.000131,-0.007005,0.002867
2024-01-19,-0.012506,-0.015962,-0.016672,-0.017347,-0.012093,0.000159,-0.012881,-0.002046,0.001466
2024-01-22,0.020285,0.029211,0.015869,0.016688,0.016858,0.000159,0.018892,0.000213,0.001703
2024-01-23,0.014737,0.016151,0.004884,0.008343,-0.000757,0.000159,0.015853,-0.006126,0.001741
2024-01-24,-0.009623,-0.015497,-0.012603,-0.016634,-0.006195,0.000159,-0.009699,-0.000666,0.004675
2024-01-25,-0.01202,-0.011418,-0.012768,-0.012577,-0.025445,0.000159,-0.011034,0.001329,0.00063
2024-01-26,0.0051,0.011408,-0.002759,0.008558,0.000197,0.000159,0.004733,-0.005749,-0.00219
2024-01-29,0.000211,-0.004973,-0.003921,0.005637,0.007164,0.000159,-0.000652,-0.002969,-0.002719
2024-01-30,0.016545,0.014492,0.021616,0.015482,0.012168,0.000159,0.016601,0.0005,-0.000537
2024-01-31,-0.01538,-0.020065,-0.010199,-0.010857,-0.003463,0.000159,-0.015712,0.000946,0.000913
2024-02-01,-0.005812,-0.014771,-0.011602,-0.009279,-0.007697,0.000159,-0.006913,-0.00547,-0.000166
2024-02-02,-0.001966,0.000745,0.000336,-0.002685,0.003125,0.000159,-0.000949,-0.00065,-0.003399
2024-02-05,0.00332,0.009812,-0.000261,0.014014,0.003135,0.000159,0.002664,0.001048,-0.006558
2024-02-06,-0.005989,-0.009817,-0.013818,-0.006618,-0.002925,0.000159,-0.00762,-0.005746,0.001455
2024-02-07,-0.022131,-0.030116,-0.021164,-0.016071,-0.016045,0.000159,-0.021227,0.000736,0.004832
2024-02-08,-0.005371,-0.013622,-0.00436,-0.001129,0.002569,0.000159,-0.005933,-0.0005,0.005514
2024-02-09,0.003481,-0.002492,-0.00162,-0.003696,0.008416,0.000159,0.002836,-0.000193,0.003219
2024-02-12,0.005029,0.008287,0.003169,0.007978,0.001694,0.000159,0.003458,0.001692,-0.00323
2024-02-13,0.005539,0.00683,-0.002108,-0.012039,0.004357,0.000159,0.006773,-0.002095,-0.004381
2024-02-14,0.00289,-0.007873,0.012442,-0.002221,0.011738,0.000159,0.001699,0.005388,0.000791
2024-02-15,-0.008156,-0.014338,-0.006585,-0.008773,-0.024593,0.000159,-0.008268,0.000323,-6.5e-05
2024-02-16,0.002554,0.006493,0.009894,0.001857,0.007069,0.000159,0.003125,0.001286,-0.003354
2024-02-19,-0.012491,-0.011712,-0.024525,-0.016599,-0.015173,0.000159,-0.012312,-0.00213,-0.000631
2024-02-20,0.004967,0.004164,0.011429,0.00678,0.010219,0.000159,0.004761,0.001711,-0.001707
2024-02-21,-0.010593,-0.00994,-0.003041,0.003237,0.002629,0.000159,-0.012113,0.005103,0.000417
2024-02-22,-0.00511,-0.004409,-0.003443,-0.001021,0.005867,0.000159,-0.005917,0.002953,-0.000745
2024-02-23,0.012702,0.018304,0.009583,0.014044,0.01834,0.000159,0.012694,-0.00267,-0.00222
2024-02-26,-0.010948,-0.010432,-0.011518,-0.018256,-0.015877,0.000159,-0.011736,0.001791,0.002074
2024-02-27,0.008771,0.006093,0.005057,0.0035,0.019227,0.000159,0.008775,-0.000328,-0.00129
2024-02-28,-0.007249,-0.014296,-0.014685,-0.016293,-0.00802,0.000159,-0.006862,-0.000262,0.003656
2024-02-29,-0.001634,-0.000462,0.00281,-0.000341,0.007649,0.000159,-0.001022,0.001283,-0.000497
2024-03-01,-0.005197,-0.011005,-0.007391,-0.002819,-0.011608,0.000159,-0.006336,-0.003669,0.001656
2024-03-04,-0.004233,0.005492,0.003071,0.005296,0.004988,0.000159,-0.002635,0.002641,-0.002119
2024-03-05,-0.000105,0.00448,0.00332,-0.004219,-0.004771,0.000159,0.000351,0.00213,-7.6e-05
2024-03-06,0.002458,0.0068,-0.004376,0.011457,-0.003998,0.000159,0.002298,-0.003301,-0.003629
2024-03-07,0.003917,0.004782,0.006173,0.002191,0.011067,0.000159,0.00463,0.000341,-0.00071
2024-03-08,0.008692,0.008951,0.002372,0.007349,0.009918,0.000159,0.010425,-0.006978,0.000459
2024-03-11,-0.009767,-0.010214,-0.005616,-0.010416,-0.01598,0.000159,-0.011077,0.003017,-0.000367
2024-03-12,0.014195,0.015964,0.018754,0.008489,0.010954,0.000159,0.013856,0.006224,0.000463
2024-03-13,-0.010781,-0.008404,-0.010283,-0.014197,-0.004032,0.000159,-0.012843,0.001177,-0.000389
2024-03-14,-0.001388,0.003298,-0.004359,-0.007385,-0.001397,0.000159,-0.001393,-0.000267,0.001791
2024-03-15,0.005585,0.007063,0.004496,0.01148,0.014534,0.000159,0.005719,0.0006,-0.003652
2024-03-18,-0.001652,0.004836,-0.008304,-0.003363,0.000359,0.000159,-0.001842,-0.002532,-0.00284
2024-03-19,0.00692,-0.001649,0.016594,0.004503,0.006677,0.000159,0.006238,0.0067,0.001611
2024-03-20,0.011287,0.012524,0.009212,0.01819,0.014688,0.000159,0.009489,-0.000247,0.000714
2024-03-21,0.003784,0.001492,0.009958,0.006416,0.001558,0.000159,0.003924,0.002462,-0.002317
2024-03-22,0.004071,-0.009037,0.006939,-0.003741,-0.017709,0.000159,0.005076,-0.000158,0.005936
2024-03-25,0.008133,0.016921,0.011711,0.016446,0.008415,0.000159,0.007501,0.001291,-0.004775
2024-03-26,-0.014959,-0.015119,-0.01441,-0.008155,0.003737,0.000159,-0.014765,0.000903,-0.001404
2024-03-27,-0.002595,-0.007289,0.007578,-0.001357,-0.003042,0.000159,-0.004009,0.004455,-0.001016
2024-03-28,0.007225,0.017092,0.001086,0.00429,-0.008501,0.000159,0.007432,-0.002441,-0.004877
2024-03-29,0.004962,0.001108,0.010235,0.011696,0.009675,0.000159,0.004489,0.003514,0.003711
2024-04-01,-0.001797,-0.005704,-0.007367,0.001753,-0.009494,0.000159,-0.002566,-0.001119,0.001512
2024-04-02,-0.013314,-0.015079,-0.006752,-0.006012,-0.010734,0.000159,-0.014081,0.005847,0.001961
2024-04-03,0.005246,0.004578,-0.001673,-0.005712,0.006198,0.000159,0.004773,-0.003304,0.003597
2024-04-04,0.005885,0.004865,0.01271,0.006554,0.012171,0.000159,0.006032,0.000797,0.000936
2024-04-05,0.004292,0.005267,0.019446,0.013602,0.011406,0.000159,0.003083,0.006887,-0.001508
2024-04-08,0.009968,0.010932,0.00903,-0.010586,0.001831,0.000159,0.009492,-0.000381,0.000549
2024-04-09,0.01553,0.018825,0.007785,0.012551,0.018012,0.000159,0.015338,-0.007544,-0.002406
2024-04-10,-0.007113,-0.005096,-0.004407,-0.002764,-0.002575,0.000159,-0.008151,0.004131,-0.001816
2024-04-11,0.015641,0.013759,0.009957,0.0115,0.010675,0.000159,0.01692,-0.002557,-0.002287
2024-04-12,-0.001841,-0.0008,-0.011586,0.003418,0.000927,0.000159,-0.002683,-0.00411,0.001436
2024-04-15,-0.011665,-0.012032,-0.017741,-0.008767,-0.013788,0.000159,-0.012359,-0.000307,-0.000625
2024-04-16,0.010179,0.007964,0.013863,0.00885,0.015408,0.000159,0.009238,0.000582,0.001251
2024-04-17,0.00017,-0.014981,0.001229,0.001233,-0.006128,0.000159,0.00145,0.001678,0.003988
2024-04-18,0.026575,0.029239,0.013031,0.017098,0.015608,0.000159,0.026858,-0.006991,-0.000194
2024-04-19,-0.000689,-0.006881,0.002392,-0.011223,0.003298,0.000159,-0.001597,0.001173,0.000953
2024-04-22,0.005217,0.002974,0.002756,-0.006374,0.00598,0.000159,0.005943,-0.002775,0.000613
2024-04-23,0.013959,0.007584,0.018606,0.007574,0.01189,0.000159,0.013961,0.005655,0.004306
2024-04-24,0.012944,0.014268,0.0123,0.009203,0.010186,0.000159,0.012991,-0.001073,0.001052
2024-04-25,-0.000195,0.003879,0.005607,-0.004777,-0.007818,0.000159,-0.000629,0.0043,-0.001674
2024-04-26,0.005985,0.008061,0.001561,-0.001585,-0.001923,0.000159,0.005226,-0.005962,-0.004367
2024-04-29,-0.007261,-0.009425,0.000754,-0.000555,-0.007669,0.000159,-0.007149,0.006367,0.006851
2024-04-30,-0.004937,0.006801,-0.00323,-0.003712,0.012458,0.000159,-0.005532,0.002958,-0.001203
2024-05-01,0.008672,0.010277,0.005092,0.001307,-0.004322,0.000159,0.009967,-0.001595,0.000804
2024-05-02,-0.000321,-0.000958,0.001396,-0.002828,0.010585,0.000159,-0.001495,0.000405,-0.001252
2024-05-03,-0.011423,-0.018757,-0.020078,-0.008863,-0.005325,0.000159,-0.010353,-0.003528,0.002706
2024-05-06,0.009841,0.014872,0.012617,0.005266,0.020569,0.000159,0.009593,0.005966,-0.003099
2024-05-07,0.002561,-0.002583,-0.001732,-0.000192,0.000374,0.000159,0.002642,-0.005673,0.004585
2024-05-08,-0.015641,-0.01633,-0.017054,-0.018114,-0.018825,0.000159,-0.015133,0.000858,0.000801
2024-05-09,0.006523,0.002661,0.007566,0.000288,0.015289,0.000159,0.00586,-0.001302,-2.4e-05
2024-05-10,0.008258,0.01128,0.014133,0.005039,0.018316,0.000159,0.00879,0.002898,-0.00215
2024-05-13,0.016205,0.026946,0.018713,0.010808,0.015796,0.000159,0.013881,0.000758,-0.002054
2024-05-14,-0.01186,-0.025207,-0.000852,-8.2e-05,-0.000417,0.000159,-0.012595,0.004647,0.008539
2024-05-15,0.00043,-0.005903,0.004354,0.000397,-0.002301,0.000159,-0.000468,0.001941,0.00559
2024-05-16,0.017007,0.014595,0.013435,0.014559,0.023992,0.000159,0.015846,-0.004055,0.002479
2024-05-17,0.007904,0.003195,0.006368,0.011965,0.012263,0.000159,0.007574,0.00129,0.001379
2024-05-20,-0.002628,-0.001876,-0.006478,-0.00437,0.003291,0.000159,-0.002478,-0.005513,-0.006784
2024-05-21,-0.002397,-0.002787,-0.00861,-0.014512,-0.015732,0.000159,-0.001994,-0.002027,0.00075
2024-05-22,0.013495,0.005667,0.005831,0.013921,0.01011,0.000159,0.013529,-0.004485,0.003128
2024-05-23,0.005766,0.007974,0.006079,0.018211,0.012297,0.000159,0.005075,-0.002185,-0.000603
2024-05-24,-0.000691,-0.000803,0.00333,0.017867,-0.001891,0.000159,-0.000554,0.002415,0.000153
2024-05-27,-0.003626,-0.006069,0.000447,-0.010167,-3e-06,0.000159,-0.003685,-0.001077,-0.001675
2024-05-28,-0.006575,-0.004341,-0.005553,-0.005491,-0.008905,0.000159,-0.005985,0.00059,0.000221
2024-05-29,-0.019595,-0.021232,-0.020268,-0.01964,-0.028897,0.000159,-0.019132,-0.003182,0.001919
2024-05-30,0.022032,0.024463,0.029766,0.01855,0.029284,0.000159,0.021898,0.004789,0.000392
2024-05-31,0.007345,0.021034,0.021123,0.005486,0.01365,0.000159,0.006468,0.005041,-0.003583
2024-06-03,0.005141,0.001879,0.011001,0.011289,0.005609,0.000159,0.00446,0.002028,0.002513
2024-06-04,0.011058,0.015279,0.013391,0.00801,0.001254,0.000159,0.010459,0.001755,-0.002508
2024-06-05,0.007139,0.006739,0.004953,0.010981,-0.003483,0.000159,0.006728,-0.002638,1.8e-05
2024-06-06,0.007465,0.017084,0.007071,0.007552,0.003737,0.000159,0.00752,-0.000313,-0.003665
2024-06-07,0.00619,0.007702,0.007007,0.011039,0.017066,0.000159,0.006604,-0.002619,-0.000389
2024-06-10,-0.009039,-0.016148,-0.002574,0.007608,0.000972,0.000159,-0.009239,0.004494,0.00484
2024-06-11,0.001203,-0.002106,-0.008384,0.007555,-0.004017,0.000159,0.001057,-0.001264,0.002611
2024-06-12,0.008847,0.010913,0.015278,0.010864,0.010017,0.000159,0.008803,0.0088,0.003328
2024-06-13,0.004202,0.005529,-0.003441,0.001515,0.019298,0.000159,0.003631,-0.003639,0.003882
2024-06-14,2.1e-05,0.002282,0.011212,-0.000906,0.007374,0.000159,-0.000878,0.007172,-0.000745
2024-06-17,-0.012716,-0.015876,-0.007932,-0.012994,-0.010714,0.000159,-0.014279,-0.00117,-0.006409
2024-06-18,0.001821,0.006522,0.004394,0.004869,0.002432,0.000159,0.001106,0.004292,0.000594
2024-06-19,0.004955,0.003127,0.000547,0.005561,0.001134,0.000159,0.005175,-0.000652,-0.00035
2024-06-20,0.009026,0.01012,0.013504,0.009864,0.004532,0.000159,0.008305,0.001272,-0.002041
2024-06-21,0.005322,0.006398,0.005823,0.020557,-0.001343,0.000159,0.004973,0.002725,-0.001227
2024-06-24,0.002994,0.00323,0.008798,0.009133,0.003027,0.000159,0.003208,0.002393,-0.000988
2024-06-25,-0.006878,-0.014893,-0.008645,-0.011518,0.006026,0.000159,-0.00662,-0.001799,0.004431
2024-06-26,-0.011965,-0.014959,-0.009603,-0.011547,-0.008456,0.000159,-0.012987,0.002132,-0.001921
2024-06-27,0.010284,0.013137,0.004679,0.016505,0.006932,0.000159,0.010923,-0.004929,-0.003297
2024-06-28,0.005682,0.004762,0.011473,0.00287,0.011823,0.000159,0.006425,0.004938,0.001054
2024-07-01,-0.002742,0.000414,0.01284,0.006213,4.2e-05,0.000159,-0.003805,0.005679,-1.6e-05
2024-07-02,-0.009346,-0.01659,-0.010111,-0.005296,-0.003559,0.000159,-0.010164,-0.002483,0.004181
2024-07-03,0.003164,-0.002086,0.014616,0.004763,-0.000552,0.000159,0.003958,0.003907,0.000526
2024-07-04,0.028289,0.036363,0.031604,0.028241,0.030299,0.000159,0.028013,0.003177,-0.005186
2024-07-05,-0.009632,-0.001523,-0.018348,-0.002354,-0.004386,0.000159,-0.011567,-0.005592,-0.004257
2024-07-08,-0.000569,0.002392,0.006348,0.001417,-0.010364,0.000159,-0.001847,0.000762,-0.000705
2024-07-09,0.008184,0.007571,0.004353,-0.003474,-0.004653,0.000159,0.007826,-0.003127,0.003216
2024-07-10,-0.003519,0.005574,0.003855,-0.006218,-8.6e-05,0.000159,-0.004608,0.003622,-0.007732
2024-07-11,0.011715,0.011461,0.003773,0.011993,0.028348,0.000159,0.011226,-0.006333,-0.00034
2024-07-12,-0.010997,-0.009238,-0.020769,-0.018236,-0.014023,0.000159,-0.01113,-0.007189,-0.003369
2024-07-15,-0.00569,-0.003684,0.005065,0.00088,0.009193,0.000159,-0.004679,0.0096,-0.004107
2024-07-16,-0.005349,-0.003898,-0.014443,-0.010733,-0.008128,0.000159,-0.00574,-0.006268,0.001354
2024-07-17,0.001156,0.003119,-0.000193,-0.000843,0.005375,0.000159,0.001855,-0.001321,0.000304
2024-07-18,-0.002044,-0.00626,-0.007297,-0.00855,0.005227,0.000159,-0.00106,-0.003361,0.002585
2024-07-19,-0.007248,-0.009958,-0.017185,-0.009574,-0.006055,0.000159,-0.00626,-0.005811,0.002926
2024-07-22,0.002521,0.003868,0.004746,0.002922,0.004081,0.000159,0.00259,0.002355,-0.001498
2024-07-23,0.004918,0.004341,0.006876,0.0108,0.000979,0.000159,0.003189,0.002875,-0.000634
2024-07-24,-0.004469,-0.001778,-0.01109,-0.002704,-0.011505,0.000159,-0.004259,-0.003922,0.003295
2024-07-25,-0.00273,-0.013574,-0.016116,-0.0053,-0.002208,0.000159,-0.00205,-0.009166,0.003844
2024-07-26,0.001992,0.007299,-0.009403,-0.006393,-0.005959,0.000159,0.001768,-0.003149,-0.000653
2024-07-29,-3.9e-05,-0.004475,-0.00119,-0.008951,-0.003158,0.000159,0.001197,-0.000766,0.001787
2024-07-30,-0.004244,-0.010142,-0.012366,-0.00626,-0.000164,0.000159,-0.003715,-0.0006,-0.001337
2024-07-31,0.024834,0.027001,0.021709,0.015424,0.031102,0.000159,0.02513,-0.006054,-0.004956
2024-08-01,0.008402,0.002912,0.000474,-0.007182,0.004365,0.000159,0.009112,-0.003573,0.001038
2024-08-02,0.001377,0.005799,0.001998,0.004782,0.002602,0.000159,0.001485,0.004147,0.000343
2024-08-05,-0.010884,-0.012838,-0.015677,-0.009369,-0.003248,0.000159,-0.013037,-0.003103,0.002358
2024-08-06,-0.00155,-0.004028,-0.007104,0.002238,0.002631,0.000159,-0.002108,-0.003228,0.002819
2024-08-07,-0.003233,-0.010229,-0.002335,-0.009605,-0.00487,0.000159,-0.002434,0.00104,0.000824
2024-08-08,-0.001287,-0.001366,-0.005984,-0.011793,-0.008654,0.000159,-0.002092,-0.003466,0.003263
2024-08-09,0.001417,-0.001284,0.001564,0.008177,0.0026,0.000159,0.00108,-0.000551,-0.000849
2024-08-12,-0.005318,-0.00923,-0.000471,-0.004853,0.008611,0.000159,-0.006313,0.001748,0.00199
2024-08-13,0.00344,0.00444,0.01463,-0.001377,0.015381,0.000159,0.004708,0.00434,-0.000421
2024-08-14,-0.005572,-0.00777,-0.006089,-0.001269,-0.009887,0.000159,-0.004386,0.002199,0.000531
2024-08-15,-0.01829,-0.020983,-0.019815,-0.013864,-0.012569,0.000159,-0.019155,0.000159,0.003754
2024-08-16,-0.003147,0.004192,-0.004317,-0.002831,0.003833,0.000159,-0.003188,-8.4e-05,-0.004346
2024-08-19,0.019018,0.023633,0.00306,0.015621,0.015402,0.000159,0.018315,-0.006362,-0.004545
2024-08-20,-0.006359,-0.002724,-0.008815,0.006237,-0.014128,0.000159,-0.006026,-0.001757,-0.001414
2024-08-21,-0.000821,0.006807,0.002664,0.002232,-0.011132,0.000159,-0.000572,0.000194,-0.003851
2024-08-22,-0.004194,-0.017234,-0.006184,-0.005299,0.001803,0.000159,-0.003704,-0.0022,0.011971
2024-08-23,0.006457,0.000577,0.01021,0.009937,-0.003034,0.000159,0.006564,0.00188,0.003705
2024-08-26,-0.006686,-0.011274,-0.011322,-0.009538,-0.007081,0.000159,-0.004497,-0.004436,0.001016
2024-08-27,-0.001303,-0.005207,0.007976,0.002813,0.021436,0.000159,-0.002284,0.003639,-0.000551
2024-08-28,-0.009629,-0.007044,0.000867,0.003831,-0.005064,0.000159,-0.011156,0.004215,-0.004795
2024-08-29,-0.00307,-0.001822,-0.004492,0.005844,0.000743,0.000159,-0.003543,0.003538,-0.00255
2024-08-30,-0.00124,-0.008364,-0.000871,0.004947,0.006661,0.000159,-0.002653,-0.005363,0.003079
2024-09-02,-0.009533,-0.007844,-0.009497,-0.003794,-0.002433,0.000159,-0.010885,-0.000341,0.002179
2024-09-03,0.002995,0.000843,0.001148,-0.000308,-0.01376,0.000159,0.002035,0.002528,0.003104
2024-09-04,-0.005947,-0.007007,0.005634,0.003135,0.002922,0.000159,-0.006844,0.006034,0.000882
2024-09-05,0.011491,0.000419,0.019064,0.018978,0.012151,0.000159,0.010569,0.005293,0.003783
2024-09-06,-0.006762,-0.016619,-0.003358,-0.005754,-0.000212,0.000159,-0.006506,0.001901,0.004481
2024-09-09,-0.001388,0.003171,0.00116,0.000699,-0.004081,0.000159,-0.001952,-6.1e-05,-0.002861
2024-09-10,0.008937,0.019735,0.015536,0.009491,-0.009433,0.000159,0.008635,-0.001185,-0.000882
2024-09-11,-0.0012,-0.002208,-0.002892,-0.011384,-0.000359,0.000159,-0.000643,-0.000436,2.5e-05
2024-09-12,0.016701,0.025156,0.011174,0.014181,0.018778,0.000159,0.015929,-0.004315,-0.003555
2024-09-13,0.001838,0.005931,0.014596,-0.001787,0.00582,0.000159,0.001468,0.004778,-0.006069
2024-09-16,0.007871,0.016258,0.011167,-0.004357,0.015197,0.000159,0.008005,0.00065,-0.003746
2024-09-17,0.014154,0.01807,0.012479,0.017116,0.00681,0.000159,0.012442,0.002652,0.000107
2024-09-18,0.009998,0.008984,0.010194,0.003191,-0.002334,0.000159,0.007931,0.004908,-0.00173
2024-09-19,-0.004233,-0.001947,-0.014411,0.002357,-0.004709,0.000159,-0.004114,-0.004655,-0.002416
2024-09-20,-0.005691,-0.005894,-0.006218,0.002506,-0.006404,0.000159,-0.005456,-0.001193,0.001667
2024-09-23,-0.008636,-0.010289,-0.012457,-0.016732,-0.014067,0.000159,-0.007144,-0.004265,-0.002292
2024-09-24,-0.011647,-0.022759,-0.008955,-0.014692,-0.004998,0.000159,-0.01168,0.002283,0.00656
2024-09-25,-0.003399,-0.001235,-0.003311,-0.003937,-0.008249,0.000159,-0.002902,0.00361,-0.00193
2024-09-26,-0.00286,-0.002525,-0.006469,0.008247,-0.010029,0.000159,-0.003176,-0.002299,-0.000911
2024-09-27,0.008539,0.008549,0.011308,0.005967,-0.005266,0.000159,0.008618,-0.003374,-0.002252
2024-09-30,-0.003722,-0.006894,-0.007545,-0.011172,-0.007885,0.000159,-0.002547,-0.000572,0.002025
2024-10-01,0.001691,0.002372,0.00816,0.001604,0.000908,0.000159,-0.000167,0.005206,0.004647
2024-10-02,0.005904,0.008223,0.007026,-0.001096,-0.006039,0.000159,0.006076,-0.002611,0.000635
2024-10-03,-0.016406,-0.0188,-0.016494,-0.018696,-0.024482,0.000159,-0.014856,0.000309,-0.000771
2024-10-04,0.013614,0.011186,0.017484,0.009431,0.018307,0.000159,0.013681,0.002837,0.003243
2024-10-07,0.00068,-0.005828,0.00077,-0.00189,0.00026,0.000159,0.001841,-0.000101,0.00197
2024-10-08,0.002348,0.001682,0.008415,-0.000734,-0.006196,0.000159,0.001686,0.001452,0.003015
2024-10-09,0.004695,0.009175,-0.003276,-0.002001,0.016025,0.000159,0.00451,-0.001953,-0.000179
2024-10-10,-0.000912,0.008748,-0.012631,-0.00273,-0.024405,0.000159,-0.001044,-0.006667,-0.00975
2024-10-11,0.003226,0.003567,0.022876,0.005328,0.004451,0.000159,0.001293,0.006855,-0.002144
2024-10-14,0.003205,0.012919,0.010383,0.004849,0.000488,0.000159,0.002111,-0.00051,-0.001997
2024-10-15,0.026079,0.03897,0.027353,0.016575,0.025826,0.000159,0.025043,0.003159,-0.004853
2024-10-16,-0.00734,-0.010097,-0.007646,-0.004951,0.001681,0.000159,-0.006841,0.00108,-0.000945
2024-10-17,-0.005271,-0.006645,-0.003511,0.003953,-0.004498,0.000159,-0.004732,0.001055,-0.000717
2024-10-18,-0.01008,-0.014016,-0.022283,-0.002363,-0.015611,0.000159,-0.00998,-0.006982,-0.002238
2024-10-21,0.003804,-0.006066,0.008256,-8.8e-05,-0.002325,0.000159,0.004305,0.001168,0.003771
2024-10-22,-0.008354,-0.012567,-0.003819,-0.011108,-0.020786,0.000159,-0.008644,0.000116,0.006107
2024-10-23,-0.020724,-0.028441,-0.01211,-0.007532,-0.027432,0.000159,-0.019921,0.003444,0.004697
2024-10-24,-0.004984,-0.009584,-0.009107,-0.007484,-0.005277,0.000159,-0.005135,-0.006302,0.006221
2024-10-25,0.003824,-0.000326,-0.005564,0.003546,0.003025,0.000159,0.003711,-0.006166,0.003425
2024-10-28,-0.022435,-0.034249,-0.031456,-0.009888,-0.025634,0.000159,-0.022806,-0.005132,0.006781
2024-10-29,-0.021127,-0.022244,-0.029671,-0.02733,-0.015585,0.000159,-0.020739,-0.003052,0.004395
2024-10-30,-0.014526,-0.011911,-0.015153,-0.025906,-0.007465,0.000159,-0.015022,-0.000394,-0.000291
2024-10-31,-0.008091,-0.024167,0.003212,-0.009336,-0.003872,0.000159,-0.007468,0.007241,0.006056
2024-11-01,0.012347,0.010895,0.016974,-0.000203,0.002819,0.000159,0.011283,0.005012,0.002646
2024-11-04,0.012297,0.015567,0.000973,0.002456,0.007889,0.000159,0.011259,-0.003546,0.0016
2024-11-05,0.011619,0.010488,0.011403,-0.004743,0.011648,0.000159,0.012011,0.000833,-0.000507
2024-11-06,0.012057,0.025353,0.0043,0.012873,-0.003778,0.000159,0.011827,-0.003855,-0.006761
2024-11-07,0.005082,0.012309,-0.006541,-0.00741,-0.001072,0.000159,0.004561,-0.007773,-0.002613
2024-11-08,-0.006407,-0.003238,-0.007186,-0.001439,0.010181,0.000159,-0.005854,0.001091,0.000395
2024-11-11,-0.007319,-0.014976,0.000974,-0.003242,0.00762,0.000159,-0.007964,0.007506,0.004659
2024-11-12,0.003611,0.004344,0.008668,-0.007931,-0.001809,0.000159,0.003292,0.003213,-0.003142
2024-11-13,0.016106,0.022346,0.009103,0.020512,0.017473,0.000159,0.017067,0.000333,0.001327
2024-11-14,0.015509,0.019071,0.017722,0.010003,0.01555,0.000159,0.016581,-0.001945,-0.002707
2024-11-15,-0.009084,-0.009976,-0.001229,-0.011922,-0.014335,0.000159,-0.007985,0.001619,-0.000173
2024-11-18,-0.010184,-0.0152,-0.011504,-0.004047,-0.020887,0.000159,-0.010568,0.00105,0.000201
2024-11-19,0.011231,0.015769,0.012485,0.015342,0.004505,0.000159,0.012056,0.001156,0.003581
2024-11-20,0.021096,0.030663,0.021918,0.019033,0.017831,0.000159,0.020178,0.003038,-0.003343
2024-11-21,-0.002619,-0.010478,-0.014543,-0.007759,-0.009726,0.000159,-0.003503,-0.005993,0.001442
2024-11-22,0.005174,0.006507,0.01019,-0.005247,0.009618,0.000159,0.003135,0.000772,0.001195
2024-11-25,0.009464,0.010259,0.010624,0.006341,0.021302,0.000159,0.010643,0.000153,0.00122
