Date,SPY,TLT,GLD,QQQ,IWM,EFA,AGG,VNQ
2022-01-03,100.0,100.0,100.0,100.0,100.0,100.0,100.0,100.0
2022-01-04,99.594,100.6449,99.6611,99.3024,99.7177,98.5841,99.9034,99.005
2022-01-05,98.6756,101.2714,98.8504,97.5142,99.7149,97.8897,100.0996,97.4721
2022-01-06,98.2047,101.5607,97.8124,97.1415,98.7964,97.2066,100.0891,98.1392
2022-01-07,98.2314,100.6154,98.4005,96.5694,99.0507,96.2099,99.565,98.1379
2022-01-10,98.9598,100.5278,98.3776,97.3156,98.8143,96.1495,99.4839,99.1298
2022-01-11,99.3225,98.8418,98.4161,97.526,98.8261,96.6921,99.1493,100.0625
2022-01-12,98.5703,98.8515,98.647,97.0957,97.8098,95.9749,98.9221,98.32
2022-01-13,99.3706,99.7835,98.8636,98.5878,98.7443,96.2679,99.3014,100.1576
2022-01-14,99.3765,101.1907,96.7495,99.0517,98.5997,95.9588,99.8127,98.5327
2022-01-17,99.2089,101.5923,98.1376,98.616,97.9908,95.5205,100.002,98.5812
2022-01-18,98.7493,102.2414,98.3055,98.5554,97.0796,94.9031,100.09,96.9076
2022-01-19,99.0666,102.3844,98.3866,98.8465,96.4914,94.7107,100.0721,96.2621
2022-01-20,98.9544,102.8136,100.1797,98.8174,96.6213,94.7251,99.8432,96.2293
2022-01-21,99.0506,105.0529,100.4394,99.1646,96.5829,94.1289,100.6696,96.8414
2022-01-24,99.8346,103.9327,101.6447,99.4211,97.8117,96.0465,100.233,97.4938
2022-01-25,99.969,103.4388,100.1279,99.6148,97.2106,96.1705,99.993,98.3824
2022-01-26,99.2652,103.418,100.8092,98.156,96.7502,96.4335,99.6975,98.1118
2022-01-27,99.55,104.0543,99.8224,97.8948,97.2655,96.7984,99.9878,98.753
2022-01-28,98.9467,104.5109,100.1197,96.8438,97.8702,96.8748,99.9297,99.1572
2022-01-31,98.07,105.5879,101.2977,95.4382,97.6667,96.6246,100.3027,100.2214
2022-02-01,97.8807,104.9722,100.3457,94.8191,97.4256,96.6024,100.191,100.6432
2022-02-02,97.9319,106.3318,100.3662,96.2025,97.7694,96.2434,100.4229,100.9696
2022-02-03,97.7632,107.0928,100.9349,95.9967,97.0685,95.1788,100.5166,101.1545
2022-02-04,98.0011,105.8357,100.9154,96.4394,96.7991,95.3385,100.1682,100.2833
2022-02-07,98.3734,106.2444,102.0572,97.414,96.3213,94.979,100.3196,100.6743
2022-02-08,98.8941,109.7115,103.3013,98.7102,97.2784,95.8681,101.2877,102.0969
2022-02-09,98.2076,109.7688,102.7802,97.9182,98.0512,94.6171,101.4008,100.5635
2022-02-10,97.8066,111.0113,103.0271,96.9526,97.1801,94.5726,101.6065,100.3394
2022-02-11,97.888,110.3575,104.9773,97.3457,96.1193,94.5836,101.2331,100.6872
2022-02-14,97.1902,110.5422,105.4286,96.9218,94.7288,93.7427,101.1318,99.2612
2022-02-15,98.8591,110.2983,104.3811,99.4139,97.5214,95.7711,101.0076,100.7424
2022-02-16,100.0885,109.1457,104.7679,101.2923,98.1639,96.5702,100.2283,100.6504
2022-02-17,99.8884,108.0319,106.1363,100.3046,97.8403,96.5218,100.0806,99.5139
2022-02-18,101.0321,107.6304,105.2552,101.9462,99.0022,97.0224,100.0694,100.1045
2022-02-21,101.1815,108.2305,106.9409,101.5391,100.5709,96.4276,100.1865,101.0872
2022-02-22,101.4921,107.5361,106.6589,101.6653,100.5087,97.0314,100.0745,100.7938
2022-02-23,102.4,107.515,107.5813,103.1111,100.8724,97.326,100.1896,101.8616
2022-02-24,102.4207,107.6411,108.8925,102.8505,101.3148,97.3734,100.1617,102.9061
2022-02-25,103.2648,108.1314,110.4185,103.9314,102.6086,97.9909,100.3626,103.7853
2022-02-28,103.4012,108.6758,109.7216,105.2011,101.9856,97.2237,100.6936,104.0983
2022-03-01,104.0557,109.0644,109.8792,105.5796,102.6471,97.3234,100.9842,104.6009
2022-03-02,103.2813,109.0584,110.2182,104.3291,101.3991,96.7977,100.9584,103.4333
2022-03-03,102.8604,109.461,108.7847,103.1058,100.4553,96.1727,101.1298,103.999
2022-03-04,103.7396,108.9996,108.8019,103.6783,101.2956,96.643,101.0995,104.1342
2022-03-07,104.2929,110.3047,109.0212,104.6171,102.1995,96.9025,101.5375,104.777
2022-03-08,104.4314,109.5167,108.9311,105.0312,103.3125,97.7471,101.6961,104.794
2022-03-09,105.3386,109.3843,111.2344,105.7429,103.7476,98.0737,101.2912,104.9891
2022-03-10,104.6211,109.8133,111.5962,105.8583,103.6839,97.3917,101.2275,104.8137
2022-03-11,103.3508,112.0918,113.1085,104.114,101.3052,97.0326,101.7275,104.6161
2022-03-14,101.8266,112.0948,112.9379,102.2578,99.5777,96.2009,101.4792,103.0678
2022-03-15,101.9837,112.5699,113.8068,101.9103,98.7718,96.8341,101.6413,102.5614
2022-03-16,103.5274,112.112,115.1744,103.841,101.5939,99.3074,101.5805,105.3373
2022-03-17,104.2035,113.2436,114.4708,105.0736,102.8182,98.8991,101.7657,104.2748
2022-03-18,103.9785,114.0749,116.2057,104.8688,103.7283,98.2666,101.6749,104.2892
2022-03-21,104.3995,113.9029,114.0245,105.3521,103.1569,98.6415,101.7616,103.5831
2022-03-22,103.9316,113.0307,113.7507,105.2507,102.0807,98.4465,101.4113,102.2994
2022-03-23,103.8675,112.0364,112.9881,104.5297,103.3338,98.6645,101.0812,102.7708
2022-03-24,103.7982,111.8647,113.6037,104.8396,102.9469,98.2509,100.9543,100.7686
2022-03-25,102.3456,113.7957,115.5326,102.9744,101.9574,97.5194,101.8407,100.8811
2022-03-28,102.2622,112.8832,113.649,102.9581,101.3305,96.4654,101.5115,99.5006
2022-03-29,103.9421,113.1424,113.9219,105.8114,102.9521,97.2355,101.9017,101.2755
2022-03-30,102.9595,113.3478,112.9313,103.8757,102.5907,97.6522,101.7516,101.1946
2022-03-31,102.3642,113.1084,112.209,102.6973,102.0405,96.7138,101.7084,100.564
2022-04-01,102.1728,112.2916,111.4498,102.8295,102.1805,96.0755,101.5064,100.8668
2022-04-04,100.5933,113.4646,110.8044,101.2072,100.0736,93.7747,101.4714,99.0807
2022-04-05,100.8817,112.4603,111.3252,100.7164,100.3964,93.3538,101.085,99.254
2022-04-06,100.0975,112.4039,112.2652,99.4742,100.2478,92.3497,101.0792,99.8101
2022-04-07,97.7872,112.5373,112.6053,96.5607,98.2934,90.4506,100.9814,97.7555
2022-04-08,98.9111,112.3618,113.0889,97.7369,99.0975,90.9845,101.0387,98.3308
2022-04-11,99.223,114.3356,114.4313,98.0266,100.1335,91.1842,101.2614,98.1174
2022-04-12,97.4992,114.696,114.3055,96.7594,98.6441,89.8875,101.3888,95.0614
2022-04-13,97.7565,115.3998,112.928,97.6497,98.9939,89.8214,101.734,96.8233
2022-04-14,97.9645,115.5919,112.5282,97.5124,99.7023,89.6043,101.8273,96.7545
2022-04-15,98.4494,115.7579,113.7176,97.8765,100.0555,89.4606,101.7839,97.3538
2022-04-18,99.1968,114.5236,114.5179,99.4212,101.1296,91.0639,101.3801,97.2988
2022-04-19,97.5603,116.7325,115.4252,97.4475,99.6582,89.3648,102.2279,96.1791
2022-04-20,97.7007,117.4509,116.1078,97.7579,99.2842,89.6234,102.6999,97.2796
2022-04-21,99.2185,116.3015,115.0569,99.5468,100.7935,91.225,102.2652,99.6351
2022-04-22,99.1092,115.9278,113.9133,98.5999,101.1991,91.2291,102.0061,98.6809
2022-04-25,98.8327,117.786,113.9645,97.5934,100.6975,90.8187,102.063,98.2915
2022-04-26,98.6554,118.6133,116.0546,97.9523,100.4035,90.1803,102.5968,98.2436
2022-04-27,98.7079,118.5894,116.2862,97.9565,100.0968,89.867,102.5682,97.7297
2022-04-28,98.079,118.9899,116.0174,97.9352,97.7335,89.6267,102.8107,95.2447
2022-04-29,97.7989,118.7393,114.4412,97.219,96.7126,90.1014,102.9269,95.8259
2022-05-02,98.5085,117.2685,113.7313,98.2928,96.6478,90.7978,102.5533,95.8698
2022-05-03,99.2133,117.462,113.4978,99.7366,96.6023,91.4631,102.7392,96.0555
2022-05-04,99.5603,116.0338,114.2679,100.0454,96.7025,92.248,102.2496,95.3232
2022-05-05,98.1279,117.2671,112.9721,99.1838,93.9439,91.7621,102.553,93.7111
2022-05-06,97.6591,117.9032,113.0023,99.1679,93.5468,91.5133,102.6395,93.2793
2022-05-09,97.9838,115.9952,111.3092,99.8948,93.9428,91.6149,102.2045,93.628
2022-05-10,97.5205,115.4069,111.359,98.8248,93.8036,90.4449,102.1665,93.5563
2022-05-11,97.7967,116.3248,113.2917,99.6999,92.9857,89.8263,102.2329,93.3785
2022-05-12,98.3168,115.3803,113.3991,99.9653,93.1444,89.4023,101.8391,92.5756
2022-05-13,97.4446,116.8435,112.5762,100.223,92.5228,88.8967,102.0781,92.3121
2022-05-16,96.9507,117.201,115.2534,99.5698,92.8683,88.4687,102.0692,93.4417
2022-05-17,96.4121,119.3427,116.347,98.6831,92.7146,88.6803,102.6968,92.2894
2022-05-18,95.7846,119.3755,116.2021,98.2052,92.2307,87.5726,102.7174,92.0782
2022-05-19,96.3323,120.3087,117.3621,99.1549,92.6986,87.1576,103.0126,92.5875
2022-05-20,96.6194,118.8403,115.9768,100.0041,92.9284,87.6497,102.697,92.7525
2022-05-23,97.5193,117.9309,116.0535,100.9086,93.54,88.0786,102.5375,93.0593
2022-05-24,98.7217,116.5067,115.7704,102.1927,95.5632,89.2009,102.4307,93.3439
2022-05-25,99.0116,117.3326,116.0692,103.1339,95.4777,90.0605,103.0328,93.4686
2022-05-26,98.6322,119.031,118.045,102.4413,94.8902,89.6614,103.1887,92.5181
2022-05-27,97.7307,118.6223,117.8228,101.4054,95.0149,88.7131,103.2,91.8632
2022-05-30,97.7239,119.3613,116.7554,101.6198,95.0244,88.9151,103.4825,93.5613
2022-05-31,97.1709,119.0575,115.9676,100.6355,94.104,89.0101,103.6225,92.7287
2022-06-01,96.4414,119.8936,115.4458,100.053,93.486,87.71,104.0468,93.2889
2022-06-02,95.9186,119.7314,115.6652,99.5557,93.4119,88.4503,103.9707,92.6144
2022-06-03,94.7001,119.5089,115.4358,98.8828,91.9507,87.6306,103.8303,92.2466
2022-06-06,97.0113,117.9474,114.9712,102.3321,94.5282,90.2937,103.7042,94.1824
2022-06-07,97.5945,118.8866,116.1116,103.3834,95.7239,91.5,104.2123,95.5875
2022-06-08,97.4786,119.115,117.4483,102.833,95.9017,91.3161,104.2356,96.5422
2022-06-09,97.6945,119.0957,116.0163,103.5026,96.4291,92.6181,104.2729,97.1045
2022-06-10,97.965,120.6759,116.2586,104.0546,96.9976,92.9822,104.6483,97.6382
2022-06-13,99.0034,119.15,116.2827,105.0213,98.7985,93.1081,104.221,98.8567
2022-06-14,100.5155,118.4672,115.7824,107.9621,99.3038,92.8249,104.1667,99.1574
2022-06-15,99.5805,119.6234,116.1486,106.4712,97.5742,92.4452,104.507,98.2089
2022-06-16,101.3673,117.7569,114.4271,108.4178,99.2232,93.7769,104.1353,99.861
2022-06-17,100.2026,119.7669,114.5735,107.5534,98.2564,93.2181,104.7066,99.3648
2022-06-20,100.8545,120.9348,115.095,108.8374,98.7731,94.4518,104.9518,101.3756
2022-06-21,100.8564,119.4184,114.9752,108.4405,99.3778,94.2253,104.4881,100.0255
2022-06-22,100.4633,117.0293,112.8233,108.2661,99.5076,94.2042,103.7496,99.59
2022-06-23,100.5001,115.8313,114.1927,108.7573,99.5154,94.3106,103.4151,98.1015
2022-06-24,100.3043,115.2305,113.0149,108.3385,100.4543,94.7035,103.2205,98.6858
2022-06-27,101.6778,115.6494,113.3497,109.8451,102.219,96.0153,103.5696,100.6014
2022-06-28,102.7323,114.7019,114.7056,111.3366,104.7066,96.7808,103.6344,102.1619
2022-06-29,102.1377,114.4633,114.2607,110.7796,104.4647,96.0835,103.5441,103.2677
2022-06-30,103.8548,114.2571,114.5002,113.1444,106.5716,96.8629,103.5408,103.5027
2022-07-01,104.2902,114.7704,114.1582,114.6355,106.0943,96.1676,103.7173,104.186
2022-07-04,106.0003,113.666,115.3207,116.9044,107.7516,97.9228,103.5911,104.5812
2022-07-05,107.5295,114.5107,115.025,119.2515,109.5106,99.1943,103.8485,105.4574
2022-07-06,107.5464,115.7224,115.8509,119.1111,110.054,97.7172,104.3255,104.1312
2022-07-07,107.2192,114.7157,114.2509,119.3246,109.3568,97.5483,104.0645,103.9757
2022-07-08,107.3403,113.3836,115.0828,119.1664,108.4992,97.2351,103.8889,104.4514
2022-07-11,107.0277,113.1694,114.6775,119.964,108.4302,97.3011,103.9965,104.4411
2022-07-12,106.8071,113.0759,114.5728,119.6468,108.7236,97.2706,104.0913,104.3875
2022-07-13,106.9296,111.0424,115.1849,119.9609,109.6767,95.9508,103.8224,104.3644
2022-07-14,108.0981,109.6123,115.7185,120.9139,110.4968,97.7672,103.4499,105.6101
2022-07-15,109.0349,109.7853,116.0462,122.4412,113.1209,98.7425,103.6133,107.7764
2022-07-18,110.2236,110.548,117.0458,123.4367,115.5089,99.1877,103.9353,108.5838
2022-07-19,110.2006,110.9017,117.4778,123.6876,116.6826,99.6788,104.0159,109.7697
2022-07-20,111.4899,109.2581,117.9728,125.8497,117.8745,101.377,103.5893,111.012
2022-07-21,111.3512,109.3427,116.7953,124.7803,118.8888,100.9424,103.501,109.326
2022-07-22,110.7198,108.2941,118.2953,124.5027,117.8557,101.8105,103.2904,108.7035
2022-07-25,108.1351,111.4084,117.1172,120.0452,115.7735,101.4163,104.3608,107.638
2022-07-26,108.7894,112.0409,118.1623,121.1413,116.5363,101.9127,104.4303,108.0238
2022-07-27,107.0832,112.5803,116.9934,118.1744,114.8451,101.4354,104.6915,105.5343
2022-07-28,106.1193,113.9,116.0857,116.792,114.1429,100.17,105.0543,103.6767
2022-07-29,105.5555,114.4587,114.4305,116.313,113.4214,99.9703,105.2716,104.2028
2022-08-01,105.7233,113.9806,114.5067,116.8483,113.652,100.1353,105.0326,103.7789
2022-08-02,104.3568,116.2936,113.4753,114.6804,111.5482,99.4396,105.591,103.5208
2022-08-03,103.7309,116.8497,112.6398,115.0762,109.9566,98.9371,105.8193,102.9767
2022-08-04,103.5898,116.7937,112.6735,114.8103,110.5013,100.224,105.7476,102.2362
2022-08-05,103.5444,119.5163,112.3435,115.7772,111.4672,100.0567,106.622,103.7482
2022-08-08,103.2128,119.4576,111.7039,114.7519,110.6393,98.9672,106.589,102.5859
2022-08-09,103.4834,117.7179,111.7878,115.5503,109.5799,99.127,106.3008,101.49
2022-08-10,105.169,117.5092,111.2488,117.8427,111.6556,100.4617,106.4622,102.3396
2022-08-11,105.3803,115.9717,110.9013,117.5705,111.4116,101.2177,106.2438,102.9751
2022-08-12,104.3289,116.0734,112.0502,116.2231,112.0716,101.0739,106.248,102.4858
2022-08-15,104.503,115.8713,112.7838,117.0154,111.7232,100.3657,105.8501,102.6094
2022-08-16,103.4494,114.0834,112.7445,116.9522,110.7088,100.1092,105.3079,101.5832
2022-08-17,104.3941,113.4469,113.0392,118.4437,111.2424,101.3111,105.1499,101.7529
2022-08-18,104.9679,112.3443,112.949,119.2146,112.6563,102.1862,104.8941,103.0985
2022-08-19,106.3962,112.3894,113.1621,120.4561,113.3692,102.9184,104.8701,103.9296
2022-08-22,106.496,112.9047,113.2148,120.9152,113.485,101.8297,104.8482,103.6462
2022-08-23,105.3147,113.9684,114.888,120.0396,112.1494,101.8812,105.0693,102.6049
2022-08-24,104.7432,113.9009,114.4075,119.3483,111.6593,101.4517,105.1051,103.0433
2022-08-25,105.7299,112.043,111.4971,121.2316,111.609,101.7218,104.5123,101.84
2022-08-26,106.3161,112.605,111.0963,120.5443,111.7817,102.2485,104.4841,102.3976
2022-08-29,106.3431,113.198,111.3486,120.0377,112.6612,102.3477,104.6623,102.0227
2022-08-30,105.9378,112.4803,111.0042,120.4743,111.2566,100.896,104.64,101.0195
2022-08-31,105.3069,113.7782,110.5646,120.7339,110.9923,100.2088,105.3371,100.1833
2022-09-01,106.0914,113.8073,112.0103,122.7845,111.8647,100.4462,105.4115,100.3071
2022-09-02,108.1631,113.1905,111.7865,125.8407,112.9952,101.1945,105.5279,101.1377
2022-09-05,107.1306,114.1319,113.0789,124.8546,112.7034,100.2187,105.4735,101.5683
2022-09-06,106.845,114.0064,114.4239,124.7952,112.8225,101.4028,105.31,102.3875
2022-09-07,106.9456,114.2642,116.117,125.2743,113.3876,102.2715,105.3009,102.141
2022-09-08,105.9269,112.6685,117.9047,123.0774,112.3947,101.4471,104.7837,101.9654
2022-09-09,106.8352,111.7683,117.6784,124.5292,113.1667,103.0159,104.6825,103.3647
2022-09-12,107.5507,112.6958,118.1675,124.808,114.1687,103.2204,104.8933,104.5043
2022-09-13,108.8589,112.2599,118.6012,127.7223,115.6963,105.8019,104.9571,104.5523
2022-09-14,109.6815,112.3662,120.1558,129.3521,116.497,105.7422,104.9392,104.4699
2022-09-15,109.1205,113.1784,122.1192,128.8328,115.0876,105.5069,105.264,103.5072
2022-09-16,109.0252,113.2504,121.2536,129.1225,114.8435,105.6211,105.1635,102.9856
2022-09-19,109.817,112.6095,123.1772,130.0121,115.9469,106.9252,104.7594,102.477
2022-09-20,108.2693,114.4527,122.747,129.479,113.8088,105.7436,105.4484,102.6484
2022-09-21,110.433,114.9058,124.3009,133.0749,116.595,107.2345,105.5312,104.564
2022-09-22,110.2986,114.5143,125.0206,133.5008,116.5736,108.1061,105.2274,104.4167
2022-09-23,109.5916,112.892,124.5158,132.3178,117.0617,108.1993,104.612,105.5517
2022-09-26,110.9067,113.0252,124.4735,133.6671,118.121,109.7994,105.039,108.0239
2022-09-27,110.436,112.0896,124.3975,131.7803,117.9592,109.397,104.6806,106.422
2022-09-28,111.019,111.3735,122.9968,130.7578,118.5325,110.858,104.8417,106.8336
2022-09-29,110.4283,112.0678,121.9493,130.1365,118.4129,111.2293,105.05,106.4268
2022-09-30,109.5514,111.577,121.4988,129.094,118.2111,110.1667,105.119,105.6205
2022-10-03,109.573,110.8497,118.6487,129.6743,118.6681,109.9717,105.0101,105.9417
2022-10-04,107.9903,110.9104,119.3502,126.581,117.3086,107.9692,104.9845,104.6263
2022-10-05,106.3765,112.6623,118.7073,123.8253,115.6594,107.3874,105.2743,103.4783
2022-10-06,106.8524,113.2033,119.0868,124.3164,115.5302,107.6859,105.2628,101.4586
2022-10-07,107.3383,113.9564,116.7168,124.4354,116.3299,109.2643,105.6159,101.5743
2022-10-10,107.1947,115.4268,116.3035,123.8068,115.7224,108.4143,106.0411,102.5183
2022-10-11,107.5666,115.0505,115.9816,123.3817,116.7829,108.7675,105.9545,105.4514
2022-10-12,107.9149,114.1734,115.4178,124.5541,117.2309,108.1458,105.8777,105.0282
2022-10-13,109.8786,114.5665,115.2751,128.16,119.2683,110.1878,106.1978,106.1008
2022-10-14,109.2508,115.8686,115.1064,127.065,117.8048,109.7743,106.8658,104.7165
2022-10-17,109.3196,117.3224,115.3193,127.5134,116.9942,109.9113,107.2325,105.3677
2022-10-18,110.5965,119.5699,116.5261,129.6473,118.383,110.7382,107.9554,106.3445
2022-10-19,110.8177,120.9121,115.7333,130.7576,119.4779,110.9753,108.0312,106.1547
2022-10-20,112.2275,120.3734,114.7543,132.4761,121.5504,112.4863,107.9784,107.2084
2022-10-21,111.8547,119.5493,116.2904,131.7068,122.2581,113.4861,107.8898,107.1534
2022-10-24,112.3284,119.3702,115.3603,132.6122,121.7741,114.3757,107.8151,107.4589
2022-10-25,112.6757,118.9899,115.9737,132.8064,122.8784,113.9497,107.7316,109.3894
2022-10-26,111.65,118.6752,116.3608,131.4368,122.1271,113.5567,107.6924,109.6077
2022-10-27,112.1293,118.2658,117.0821,133.3614,122.5637,113.3387,107.7513,109.788
2022-10-28,109.8598,120.0191,116.5738,130.0568,120.3302,111.6803,108.254,107.6683
2022-10-31,110.4392,119.5443,117.3699,131.2926,120.275,112.7352,108.0419,108.6917
2022-11-01,110.8687,121.3611,117.534,131.7758,120.6173,112.8422,108.6962,107.8307
2022-11-02,109.8033,120.6403,118.32,131.3145,119.4942,111.9517,108.4189,107.7825
2022-11-03,108.8799,121.2754,119.4053,130.315,118.7017,111.9544,108.0729,107.6139
2022-11-04,108.2469,119.5708,119.5889,130.2167,118.0238,112.0908,107.8411,108.1915
2022-11-07,109.9766,119.7156,119.9375,131.7707,119.6645,112.8904,108.3229,109.5972
2022-11-08,110.1493,120.2613,120.1279,133.1604,119.3228,113.0592,108.346,108.462
2022-11-09,109.5532,120.4735,119.6335,131.8402,117.5957,112.2591,108.1125,108.145
2022-11-10,109.6828,118.885,119.0273,131.4997,118.0301,113.2591,107.4141,108.4158
2022-11-11,109.5599,119.6657,119.4109,130.8731,117.6483,112.5908,107.7774,108.2952
2022-11-14,111.5825,118.8518,118.7479,132.8573,118.3785,112.8323,107.6898,109.8383
2022-11-15,109.951,120.4305,118.3323,130.6333,117.8432,112.3478,108.0414,108.1996
2022-11-16,107.7473,120.5286,117.8625,126.7898,115.4715,110.6004,107.9187,105.7807
2022-11-17,107.9631,120.9423,116.7959,128.0125,115.52,110.6993,108.1923,106.0444
2022-11-18,108.9838,120.8753,116.2672,129.7429,115.6797,111.356,108.2287,106.4421
2022-11-21,108.8944,118.9099,115.3264,129.6147,115.7574,110.6299,107.9145,105.5517
2022-11-22,109.9408,118.9858,114.7965,132.2999,115.8724,111.812,108.1698,105.6804
2022-11-23,111.4391,118.1773,115.1524,134.6747,117.3373,113.518,108.1619,105.645
2022-11-24,112.8646,115.9235,116.0225,137.4731,118.1036,114.2914,107.3776,106.2401
2022-11-25,112.5794,116.8535,117.5851,138.0418,117.4112,113.9259,107.2877,105.2005
2022-11-28,113.6564,118.1656,116.6407,139.3318,118.3417,114.8488,107.6183,106.3752
2022-11-29,113.1902,118.3437,117.2237,138.6537,117.5691,114.3705,107.6027,105.6293
2022-11-30,112.9572,120.1363,118.1552,138.1844,117.8222,114.1041,108.2645,106.0293
2022-12-01,112.8873,120.665,116.5474,137.3468,116.741,113.8206,108.7291,107.5133
2022-12-02,113.6167,120.954,114.765,138.0987,116.7576,113.7236,108.8588,107.3837
2022-12-05,111.5257,122.5624,113.6883,135.2068,116.1157,111.7539,108.8174,105.6412
2022-12-06,112.7368,124.257,112.8529,137.4233,116.826,112.4584,109.8091,105.4434
2022-12-07,113.0537,124.6768,114.1095,137.995,117.4197,112.5699,109.9481,105.5586
2022-12-08,113.7665,124.0165,114.4922,139.0369,119.032,113.2997,109.5186,107.2791
2022-12-09,112.8331,123.6759,113.7106,138.5758,116.4199,114.2306,109.5788,106.4954
2022-12-12,112.8194,124.0202,114.3324,139.0231,116.8317,114.4053,109.6294,106.5111
2022-12-13,112.6556,125.3593,115.1894,136.8238,117.1769,114.5197,109.9729,106.4481
2022-12-14,113.9037,125.9553,114.6345,139.002,117.6131,114.38,110.0842,107.6938
2022-12-15,114.9806,126.1388,115.5754,140.9957,118.2253,115.4457,110.2964,109.1616
2022-12-16,116.3253,126.4429,116.1759,143.7967,119.5278,115.9335,110.3961,109.5449
2022-12-19,115.6257,126.5717,115.2837,142.5333,117.3306,115.1515,110.3924,107.8453
2022-12-20,116.3961,127.3579,113.8124,143.2123,117.3785,114.8723,110.8114,108.0197
2022-12-21,116.1502,125.2064,114.1056,141.8991,117.3281,114.9233,110.4545,106.9078
2022-12-22,112.8648,126.6758,115.8994,137.8912,114.3347,112.2275,110.7432,103.6666
2022-12-23,113.4207,127.0526,117.182,140.6313,115.1792,112.479,110.8288,102.7583
2022-12-26,112.7175,126.891,116.5193,139.672,113.8576,112.4883,110.7672,102.0855
2022-12-27,112.4115,127.2122,117.443,138.634,113.1249,111.9914,110.5656,101.0768
2022-12-28,111.9479,128.4111,117.8976,138.1199,113.2618,111.6903,110.9241,100.8739
2022-12-29,112.2749,127.6396,115.1646,138.5133,114.504,112.605,111.0254,102.3204
2022-12-30,112.4144,127.8337,114.5737,138.5313,115.0531,113.5427,111.1082,102.3209
2023-01-02,112.4599,128.5251,113.1844,137.0724,114.603,112.5695,111.2333,101.979
2023-01-03,112.0206,130.3878,113.8008,136.6963,114.5737,111.6029,111.8565,101.7133
2023-01-04,112.779,128.8612,112.0212,138.349,115.553,111.5825,111.4026,102.91
2023-01-05,111.5498,131.2623,111.3584,137.0275,113.9417,110.8936,111.898,101.7661
2023-01-06,111.6377,130.0817,111.9573,136.7871,113.9561,110.3432,111.12,101.4314
2023-01-09,114.2411,129.9542,112.2343,140.5492,116.5298,112.6871,111.0391,104.334
2023-01-10,115.0632,130.4835,112.8846,141.8424,117.844,113.8328,111.1641,104.7865
2023-01-11,115.2206,132.2458,111.9145,141.1344,117.994,113.9031,111.702,105.1827
2023-01-12,115.0223,134.1053,110.5505,140.3403,117.5581,112.5289,112.1668,106.0866
2023-01-13,115.0912,134.3793,109.3298,140.0422,117.2612,112.2197,112.4949,106.4701
2023-01-16,113.922,135.1788,109.843,139.119,117.2957,110.9721,112.488,104.7519
2023-01-17,113.7143,135.8531,110.9407,138.7918,116.884,110.9174,112.4648,106.1982
2023-01-18,112.023,136.8108,112.9871,136.3001,115.1589,109.5031,112.5032,105.9802
2023-01-19,109.7139,139.6921,111.6974,132.7703,112.3719,107.9322,112.8601,104.3253
2023-01-20,111.8677,137.0656,111.7658,135.4787,114.91,109.6785,112.2378,106.5016
2023-01-23,113.83,136.0187,112.5901,137.5221,116.2349,111.36,112.3146,108.3902
2023-01-24,113.537,136.1676,111.2956,137.5157,116.5188,110.9077,112.306,108.3742
2023-01-25,113.1114,136.2933,113.4411,136.7312,115.9564,110.2495,112.3579,107.9213
2023-01-26,112.4588,138.1984,115.1686,135.4323,113.9422,110.1666,112.6107,107.8452
2023-01-27,110.3991,140.2097,113.9694,132.9446,111.795,107.9068,112.9469,106.4922
2023-01-30,110.5543,140.898,116.1903,132.1848,113.2175,108.4538,112.9315,106.1284
2023-01-31,110.3999,142.1506,116.2464,132.9951,111.9384,108.0904,112.9847,105.8545
2023-02-01,111.3742,141.2077,113.4397,134.5569,113.0799,108.9851,113.1321,105.814
2023-02-02,112.1385,142.3953,111.8624,135.9588,113.3067,109.3102,113.5733,105.8577
2023-02-03,111.4635,142.7671,110.7323,134.2495,113.0825,108.1026,113.7778,105.7024
2023-02-06,109.6806,142.7341,111.7598,130.9677,111.0915,107.0399,113.7657,104.1392
2023-02-07,109.1019,144.8329,113.813,130.8256,110.6062,106.2213,114.0199,104.0949
2023-02-08,109.5792,146.4466,114.8101,130.6233,111.8185,106.1565,114.3484,104.9412
2023-02-09,111.7005,149.5366,116.1843,133.7256,114.2122,108.3929,115.1412,108.4502
2023-02-10,111.9893,150.0936,117.0319,134.4598,115.1276,108.3996,115.1712,107.9497
2023-02-13,112.5017,150.9237,117.7275,136.3662,115.6079,109.2329,115.1894,108.0723
2023-02-14,113.2901,151.7241,117.6379,137.5337,115.2121,109.335,115.5558,108.8531
2023-02-15,113.8742,151.5478,117.7066,137.9688,116.3143,110.1419,115.6559,109.1754
2023-02-16,111.5903,154.1216,117.3075,134.0659,114.4872,108.2327,116.3319,108.0191
2023-02-17,112.3596,151.9071,118.4125,135.3267,115.1153,108.9333,115.5101,108.8347
2023-02-20,111.3057,150.6076,116.4446,134.4817,113.5525,108.9088,115.1196,106.3684
2023-02-21,110.1697,152.8321,116.481,132.5076,112.4791,108.3533,115.7798,106.7915
2023-02-22,109.8372,151.2205,115.7802,132.1526,111.4816,107.3333,115.4404,106.0709
2023-02-23,109.9153,150.1924,115.4111,131.6505,112.2272,108.15,114.9217,105.6116
2023-02-24,108.3966,150.0799,115.138,128.4796,110.0889,106.2032,114.8217,104.131
2023-02-27,107.6968,150.6853,114.5748,127.3167,110.5437,106.7016,114.7576,104.6237
2023-02-28,108.57,148.748,115.2868,129.5122,110.6987,106.7091,114.4839,105.2092
2023-03-01,109.1822,148.935,115.8217,129.584,112.075,108.0668,114.5462,106.1283
2023-03-02,107.6378,150.3837,116.4736,127.3416,111.3494,106.8739,114.8868,104.3512
2023-03-03,107.6568,150.1712,116.7039,127.1446,111.2982,107.384,114.7646,103.1849
2023-03-06,109.4892,151.1528,115.7012,130.2842,112.6407,108.8003,115.1899,104.3796
2023-03-07,108.7178,150.6269,114.5683,128.6182,111.8036,107.6814,115.1691,104.7809
2023-03-08,108.1622,151.2474,115.1349,128.1387,111.3128,107.7528,115.3583,103.5098
2023-03-09,109.0985,152.0136,114.5649,129.5645,112.6569,108.3988,115.8165,106.2526
2023-03-10,108.3275,150.5517,114.6011,128.8695,111.7833,108.6997,115.2026,106.1258
2023-03-13,107.7474,153.1676,117.0317,127.6197,110.8514,108.8027,115.6359,105.7936
2023-03-14,107.8165,150.5473,116.6639,127.2274,110.6597,109.6849,114.8359,106.4165
2023-03-15,107.5739,150.3211,117.4688,127.0948,110.876,110.2455,114.707,105.9777
2023-03-16,106.5079,149.7684,120.4692,126.3201,109.032,108.5484,114.4576,105.2016
2023-03-17,107.1059,149.1642,120.3331,127.3943,109.6885,107.6491,114.2913,104.7713
2023-03-20,107.327,153.049,121.3793,127.645,110.453,108.2602,115.2836,105.8658
2023-03-21,109.4668,150.4713,121.8212,130.1389,113.082,109.4912,114.7379,107.4655
2023-03-22,110.5254,151.222,120.6878,131.7601,113.5158,109.3217,114.9485,107.7373
2023-03-23,113.1176,150.5936,119.4017,135.1961,116.763,112.6912,114.77,108.7272
2023-03-24,115.1734,150.1879,118.6512,138.5816,116.7743,113.7965,114.8355,110.4978
2023-03-27,114.1102,150.8177,117.6213,137.2143,114.9856,112.4965,114.7574,109.7646
2023-03-28,115.0864,150.0814,117.6874,137.6727,115.7524,113.1564,115.1026,109.7853
2023-03-29,116.7332,150.6912,118.2942,141.326,117.5939,114.7531,115.3249,112.2414
2023-03-30,117.9959,149.3118,116.813,143.04,118.179,115.4545,115.3293,112.6522
2023-03-31,117.9951,149.4191,117.7608,141.4727,117.7926,115.5303,115.5348,112.3485
2023-04-03,115.9388,151.1844,117.112,137.6766,115.2624,113.6709,115.7378,108.6585
2023-04-04,116.9732,152.4577,118.1406,138.4705,116.109,114.447,116.1714,110.157
2023-04-05,116.2041,152.9503,118.6387,138.3721,115.896,114.5327,116.2619,110.9227
2023-04-06,116.703,151.5791,120.0514,139.5526,116.1658,114.6328,115.9658,111.6012
2023-04-07,116.9684,151.9086,122.0344,140.7049,116.6405,115.6054,115.8274,112.3367
2023-04-10,119.0257,150.7091,121.1624,143.2793,117.7891,116.4223,115.6024,112.4368
2023-04-11,119.0909,151.9204,120.3554,144.5028,118.1215,117.1826,115.8209,113.3118
2023-04-12,117.9032,153.6847,120.6888,143.1925,116.0399,115.4743,116.2286,111.2164
2023-04-13,118.4692,151.5875,121.4074,143.1191,117.1235,116.4712,115.6503,112.3721
2023-04-14,118.8097,150.7384,120.2056,142.23,117.7014,115.6626,115.5165,112.3168
2023-04-17,119.6237,150.0019,119.8412,143.9356,118.7256,116.5279,115.4956,111.7718
2023-04-18,120.5316,150.451,118.9058,145.138,119.4844,117.0393,115.7421,113.6352
2023-04-19,121.8185,148.162,119.4109,147.9392,121.1096,118.8725,115.638,115.8049
2023-04-20,122.1558,149.426,119.8184,148.5186,121.12,120.1315,115.8174,117.5029
2023-04-21,122.7847,147.3259,119.9956,147.8693,122.3313,121.3517,115.271,118.4166
2023-04-24,125.1133,145.7144,118.8541,152.3659,126.076,123.4305,115.2625,121.8981
2023-04-25,124.2808,145.4535,120.0907,152.3891,125.7964,122.3736,115.4632,120.8768
2023-04-26,123.9348,146.0675,121.8889,152.5448,125.863,122.6211,115.558,121.3559
2023-04-27,121.0062,146.9192,121.9792,147.2843,123.3191,120.2938,115.9195,120.5513
2023-04-28,120.5191,146.9584,121.8627,146.243,122.9968,119.4162,115.6992,120.5819
2023-05-01,121.2881,145.6077,122.7662,146.9075,124.0661,120.6787,115.4011,121.8748
2023-05-02,120.7415,145.6119,122.487,145.5671,123.3844,119.1295,115.2721,120.8786
2023-05-03,120.496,145.4317,122.3771,145.5558,123.8344,118.646,115.012,119.7645
2023-05-04,119.9865,145.2206,121.4308,143.8763,122.9432,118.2337,115.0649,118.7573
2023-05-05,119.5637,144.2311,121.2071,142.6326,123.0269,116.7927,114.7333,118.5555
2023-05-08,119.8203,147.6082,122.1821,142.4298,123.1109,115.7742,115.5054,117.9853
2023-05-09,120.9102,146.4459,122.0145,143.5572,125.6066,116.6636,115.6485,120.1157
2023-05-10,121.5123,146.7005,122.5859,143.097,126.0223,117.6413,115.7295,119.5444
2023-05-11,121.5004,148.9596,124.3704,143.1239,126.7776,117.6181,115.9304,118.9884
2023-05-12,123.353,147.8312,124.1498,145.5797,130.2164,120.4182,116.2255,121.2026
2023-05-15,123.7488,145.6995,125.569,145.2621,130.9987,120.1077,115.5781,120.764
2023-05-16,123.0837,145.3037,124.8085,144.8994,129.3589,119.5301,115.6681,119.4559
2023-05-17,122.2934,145.3612,126.103,143.9087,128.1942,119.2551,115.4012,119.3318
2023-05-18,122.8171,144.7743,125.1105,144.0349,129.1408,120.5182,115.2333,120.3835
2023-05-19,120.4311,145.0344,124.8539,139.966,125.9545,118.0584,115.2016,117.9151
2023-05-22,117.9185,143.3853,123.6027,136.6466,121.2243,115.3009,114.5484,116.0666
2023-05-23,117.5344,144.0662,123.8459,134.6991,121.454,115.2668,114.7969,119.4834
2023-05-24,115.2543,147.2843,123.7795,131.7853,119.014,113.1991,115.3471,117.7314
2023-05-25,113.6393,149.02,123.3963,128.842,116.994,112.6571,115.5973,116.6908
2023-05-26,112.8956,150.3962,124.3171,129.0303,116.0981,112.535,115.8729,117.203
2023-05-29,112.1698,151.7618,124.2321,128.0202,115.392,112.1252,116.1399,116.81
2023-05-30,113.8963,152.3055,125.5522,130.1886,116.4755,113.9842,116.4892,119.7
2023-05-31,113.2884,152.3093,123.592,129.095,116.5305,113.253,116.6412,119.0931
2023-06-01,113.6825,150.5988,123.4944,127.7101,116.8789,112.4613,116.4651,120.0413
2023-06-02,114.2319,152.4126,122.7795,129.6354,117.9801,112.8177,117.1656,119.7454
2023-06-05,113.3829,152.0141,122.031,127.7759,118.0609,112.155,117.1287,118.7547
2023-06-06,111.4672,153.3088,119.8509,125.1235,114.9453,111.5954,117.5542,116.9461
2023-06-07,112.8499,151.5191,120.3773,127.1232,116.5991,113.573,117.3588,118.6969
2023-06-08,111.1209,151.0675,119.977,124.7833,114.0436,113.5951,117.4453,117.7129
2023-06-09,111.2414,150.7551,118.9074,125.0025,114.3043,112.8588,117.4624,117.5277
2023-06-12,109.2698,150.5661,118.1983,123.4444,112.7287,110.5147,117.3943,114.2425
2023-06-13,110.4374,149.4019,118.0863,125.8574,112.9692,110.3468,117.0462,115.562
2023-06-14,108.8875,146.4001,116.9714,123.9532,112.3885,109.0314,116.2056,115.1889
2023-06-15,106.9969,146.8129,117.0213,121.6012,110.1388,107.5105,115.7324,112.6234
2023-06-16,107.5007,145.3169,116.9402,122.5459,110.4421,107.9676,115.2317,112.728
2023-06-19,108.1669,145.2338,116.3945,123.6276,111.5731,107.292,115.4633,112.9918
2023-06-20,108.6474,146.5844,115.2006,123.9234,111.7235,107.0307,116.1572,112.6181
2023-06-21,108.1175,147.1306,113.954,122.9659,111.3445,106.3836,116.2844,111.6712
2023-06-22,106.6052,148.3014,115.8044,120.9032,110.073,105.787,116.1976,111.9457
2023-06-23,106.8527,150.3642,115.3721,122.4015,110.736,106.383,116.7844,112.1621
2023-06-26,108.1141,149.9608,113.3913,123.5099,111.7706,107.3848,116.8304,114.2015
2023-06-27,106.1534,151.1343,111.4333,121.259,109.6035,105.9922,116.9001,113.3196
2023-06-28,107.2464,151.4047,111.4862,123.1636,110.1652,107.2419,117.33,115.2303
2023-06-29,106.546,152.268,110.2063,122.5569,109.6852,105.5307,117.3075,114.0503
2023-06-30,106.2841,150.7906,110.3847,122.3109,109.3562,104.8735,117.1119,115.0933
2023-07-03,105.8383,150.2206,110.769,121.4605,108.8683,104.9836,116.5998,115.771
2023-07-04,105.9537,149.6432,110.627,121.5985,107.7836,105.7016,116.4736,115.9882
2023-07-05,106.9539,147.8189,110.9925,122.8154,109.4355,105.3541,116.0617,116.3532
2023-07-06,107.4359,148.2336,110.3995,123.0907,109.7847,105.1095,116.3522,116.3917
2023-07-07,104.5119,149.1808,109.1422,118.0135,105.9706,102.6776,116.6577,113.7046
2023-07-10,103.9515,150.0959,108.7537,116.8666,104.5914,101.0051,116.7428,112.8157
2023-07-11,103.8977,149.5975,107.7445,117.1421,103.6104,101.1659,116.4637,111.7363
2023-07-12,102.4915,149.6686,108.5716,115.5007,102.9616,100.6079,116.1852,110.4268
2023-07-13,101.7728,151.838,107.5961,115.0801,102.7197,101.1638,116.6543,110.6752
2023-07-14,104.0195,149.8606,106.0958,117.1058,105.3644,101.8145,116.3204,112.9921
2023-07-17,104.2441,150.3448,106.4199,118.1804,104.9202,101.4652,116.2742,113.5185
2023-07-18,105.1775,150.5074,107.7303,118.8139,107.0194,103.3644,116.5127,116.673
2023-07-19,103.5643,150.643,106.8413,117.0079,104.6676,102.3779,116.7078,115.5372
2023-07-20,103.8849,149.1856,105.8638,118.1498,105.4889,102.6781,116.3556,114.1072
2023-07-21,102.8696,152.2634,104.9198,116.9316,105.0133,101.2123,117.0933,114.0267
2023-07-24,102.923,156.1529,103.8302,117.7287,104.726,101.5566,118.1403,113.4852
2023-07-25,103.188,153.4616,104.1164,118.2199,105.5255,102.52,117.6172,114.111
2023-07-26,102.3656,152.9477,105.1107,117.8952,104.622,101.9586,117.2357,114.212
2023-07-27,103.0537,155.2607,104.6548,118.7236,105.3379,102.8316,117.8191,114.2856
2023-07-28,103.9578,155.8113,103.9603,120.8267,106.9361,103.7331,118.0704,115.8205
2023-07-31,103.1484,156.3088,101.8774,120.2161,104.9178,103.6287,118.1416,114.4375
2023-08-01,102.5745,156.2437,103.1532,117.9285,105.3258,103.6436,117.8536,113.4658
2023-08-02,104.2491,154.0675,101.9923,120.9194,107.1953,104.3964,117.5401,113.993
2023-08-03,105.381,154.9681,102.7486,122.7884,109.5245,105.5727,117.6166,115.8625
2023-08-04,107.5115,152.503,102.3516,126.0466,111.6641,106.6189,117.3886,119.6973
2023-08-07,107.7549,151.1858,100.7616,126.5358,112.6496,107.1745,117.18,119.5697
2023-08-08,106.68,152.867,101.7219,124.0766,112.7387,106.9802,117.7662,118.1024
2023-08-09,105.3384,153.3677,102.1239,123.2796,111.8823,105.9342,117.603,117.9422
2023-08-10,104.4152,156.0915,102.1092,123.001,111.3059,105.2084,118.0977,116.8602
2023-08-11,104.8818,155.9857,101.6034,123.5881,111.8103,104.2608,118.1813,116.207
2023-08-14,103.7746,154.251,99.597,121.1231,110.1341,104.3494,117.7035,115.1837
2023-08-15,104.2109,154.2348,99.5864,121.0491,111.616,105.9759,117.4792,115.2532
2023-08-16,103.9756,153.0636,99.8971,120.2599,113.0044,106.8778,117.274,116.6224
2023-08-17,105.1096,151.7418,99.1212,121.9002,114.8082,107.9551,116.8036,117.0626
2023-08-18,105.0777,151.6861,100.9309,121.0327,115.2844,109.0465,117.1596,117.3355
2023-08-21,105.6103,152.2164,101.2533,121.7561,116.1633,107.9685,117.4065,117.8349
2023-08-22,105.4294,155.1108,100.9801,121.3472,117.3256,107.5566,118.0166,117.9554
2023-08-23,106.3136,154.9733,99.8698,122.2922,117.7435,108.0251,118.1539,118.9597
2023-08-24,104.5624,157.3651,100.218,120.7209,116.1359,107.4032,118.6907,118.7495
2023-08-25,105.123,156.9642,102.3497,122.049,117.3021,107.3068,118.3107,119.5935
2023-08-28,105.3104,156.0398,102.4048,123.2617,118.0478,106.884,118.0828,118.9988
2023-08-29,104.9646,155.676,101.8837,122.0041,117.5769,106.2075,117.4575,120.1916
2023-08-30,106.0923,154.6004,101.9094,122.8989,120.1234,108.5075,117.3706,122.9285
2023-08-31,106.3114,152.6805,101.3216,123.2538,120.0494,108.4553,116.9342,122.8127
2023-09-01,106.4067,151.2221,100.4927,122.5835,120.9301,107.3257,116.8297,124.1728
2023-09-04,106.1438,147.8799,99.7235,122.0946,119.9545,106.6366,116.3022,124.1273
2023-09-05,105.2539,146.241,99.1311,120.6732,119.4139,105.6754,115.9669,125.0124
2023-09-06,106.1115,145.7906,99.0132,121.6725,121.2639,106.1317,115.9407,126.1648
2023-09-07,105.6481,144.262,99.0766,120.9517,121.2239,105.5501,115.7565,124.9764
2023-09-08,107.4087,141.2058,99.283,123.6454,122.6784,107.097,115.3315,124.559
2023-09-11,107.9646,137.8451,98.0247,125.3422,122.8768,106.6823,114.5111,126.417
2023-09-12,106.1291,137.4033,99.1425,123.8644,120.88,104.6072,114.5893,125.9925
2023-09-13,106.8561,136.108,99.0137,124.7859,121.9817,106.085,114.4913,126.0252
2023-09-14,108.2962,135.8725,99.778,127.7653,122.7216,107.0546,114.3789,125.6781
2023-09-15,108.6962,138.7608,98.5396,128.4307,123.4283,107.397,115.1904,125.0145
2023-09-18,108.98,137.7273,96.4515,129.5825,124.3837,107.6661,115.0826,126.2876
2023-09-19,109.2559,138.7408,96.3625,130.8701,124.8654,108.0279,115.1457,126.8141
2023-09-20,108.4361,138.3448,95.515,128.9742,125.6495,108.4953,115.4251,125.6765
2023-09-21,108.5529,136.7279,94.7159,128.5253,126.8133,108.4907,115.2598,126.6235
2023-09-22,110.9719,133.8887,95.7035,132.7041,128.9172,110.947,114.6946,128.6944
2023-09-25,110.1477,133.4067,97.3819,131.4878,128.8052,110.0668,114.3188,129.1014
2023-09-26,108.7795,133.5204,97.3022,129.5657,127.1171,109.2242,114.3928,128.4536
2023-09-27,107.8043,133.6284,98.3039,128.7229,124.9633,108.5456,113.9547,127.0951
2023-09-28,109.791,131.666,97.4971,132.0809,125.9509,109.4228,113.6668,127.8815
2023-09-29,109.5888,132.6492,98.0073,132.0015,125.4354,109.464,113.8736,128.119
2023-10-02,109.1153,132.6608,97.0778,131.2907,124.1959,108.1993,113.9013,127.3965
2023-10-03,109.9705,131.8145,97.4285,132.9005,125.5401,108.449,113.7416,128.5992
2023-10-04,110.022,129.3717,97.251,134.3587,125.3915,108.0173,113.1525,128.5738
2023-10-05,111.3126,127.4182,97.7764,136.6377,126.8133,109.2508,112.869,130.7379
2023-10-06,110.1484,128.8401,97.8198,134.9915,125.5314,108.2635,113.391,129.5936
2023-10-09,109.021,128.8763,97.8846,134.1228,124.7795,106.9861,113.7613,128.8579
2023-10-10,110.3855,128.1635,98.4201,136.735,127.3109,108.9065,113.8199,130.4685
2023-10-11,109.8301,128.7942,99.3166,135.7738,127.6052,109.6084,113.8027,129.6398
2023-10-12,109.7276,129.2146,98.9001,136.5519,127.7676,109.5898,113.6817,128.2024
2023-10-13,110.0644,126.6493,99.5035,136.8856,130.9926,111.8982,113.0439,129.6129
2023-10-16,111.1494,128.1573,98.3493,137.4117,131.55,112.8908,113.6539,131.7024
2023-10-17,109.9271,126.0347,98.7101,134.9278,128.6206,111.752,113.0979,129.8433
2023-10-18,109.4929,126.0553,98.3443,133.3898,127.5336,111.5885,113.1454,129.4831
2023-10-19,108.5016,126.2764,96.3104,132.042,127.4407,109.9426,113.1268,128.743
2023-10-20,109.8364,125.2543,95.698,132.7401,129.056,112.2414,113.034,130.4131
2023-10-23,110.2164,125.1153,95.0112,133.8538,129.6126,112.5398,112.8801,131.9443
2023-10-24,110.9564,124.2306,95.8508,134.615,129.9109,112.5763,112.3197,132.8013
2023-10-25,109.0706,123.6364,93.7519,131.733,127.5546,110.7133,111.9372,129.3123
2023-10-26,109.5954,122.8471,93.9783,131.9247,128.3611,112.0007,111.8652,129.7563
2023-10-27,109.9071,122.4863,93.9773,132.1761,128.5972,112.355,111.6147,129.0162
2023-10-30,108.5012,121.3149,92.6254,130.1696,126.2511,111.3466,111.2542,125.353
2023-10-31,109.2197,121.9333,91.9484,131.5372,126.2581,111.7714,111.2698,124.0361
2023-11-01,108.8662,121.9616,91.5933,130.26,125.5288,111.559,111.2632,123.8005
2023-11-02,108.2167,123.5123,90.7681,129.6849,125.6098,111.4508,111.6826,122.9798
2023-11-03,109.3252,121.5302,89.8001,131.0118,127.8764,112.7244,111.1019,123.9595
2023-11-06,108.7309,121.0181,90.4969,129.2438,128.64,113.1045,111.1222,123.6692
2023-11-07,108.6195,119.5422,89.8521,129.3565,129.6145,112.4855,110.6718,123.4606
2023-11-08,107.2226,120.7333,89.2995,127.2395,127.5337,110.7155,110.9308,121.6566
2023-11-09,106.8867,120.1071,89.456,127.7769,127.2941,111.1346,110.5041,121.4628
2023-11-10,105.8152,118.974,88.5948,126.9233,126.8363,110.541,109.9116,120.2403
2023-11-13,106.1608,119.0476,87.1424,126.8935,127.0677,111.0182,109.6506,120.2488
2023-11-14,106.3475,119.8982,87.8478,127.5762,126.6257,109.8673,109.7701,120.9164
2023-11-15,107.7979,120.1081,88.3762,129.9789,127.8433,110.8871,110.1679,121.4739
2023-11-16,109.4947,119.1262,89.4951,131.5757,130.4098,111.9527,109.7138,123.4337
2023-11-17,110.5885,117.8377,88.1892,133.1023,131.5491,113.0639,109.6349,124.3809
2023-11-20,112.5821,117.353,88.0348,134.9967,133.6249,114.3521,109.7779,126.7292
2023-11-21,111.3658,118.0001,88.5751,134.2556,132.9949,114.087,109.9044,126.2553
2023-11-22,112.7323,116.1174,88.1606,135.7166,134.9666,116.0239,109.3876,125.5151
2023-11-23,112.3359,117.2274,88.7343,135.4725,134.242,114.8374,109.7288,124.2164
2023-11-24,114.7117,116.9783,88.4523,138.5985,136.8669,116.5057,109.993,126.6574
2023-11-27,113.9603,119.2378,88.7609,138.1089,135.3452,116.0394,110.6363,124.1348
2023-11-28,116.1876,119.8155,88.7296,140.7207,138.1444,117.8747,111.0012,126.5931
2023-11-29,116.7929,121.1642,89.4499,140.9628,140.0321,119.7126,111.9743,127.0602
2023-11-30,117.1091,118.8286,89.622,140.9763,142.2977,119.8189,111.0579,127.1906
2023-12-01,114.9581,120.4105,87.9604,137.8844,137.6488,117.3607,111.7007,124.8848
2023-12-04,114.0611,120.73,87.9523,136.907,135.3856,116.8126,111.2611,122.9844
2023-12-05,113.5776,121.6137,88.0617,135.2913,133.9536,116.3741,111.4549,121.8672
2023-12-06,113.1043,122.5689,87.7414,134.5877,135.2057,115.3675,111.4117,122.4006
2023-12-07,112.4203,122.5057,87.051,133.4249,135.7631,115.565,111.5698,120.989
2023-12-08,111.2358,119.8868,85.9551,132.2419,134.9009,114.5258,110.8167,119.1398
2023-12-11,111.4967,120.6295,84.8083,132.861,135.8585,114.499,111.2218,121.9806
2023-12-12,111.4308,121.1008,84.299,132.9144,136.105,114.5943,111.2102,122.1348
2023-12-13,113.0232,121.0028,85.1864,135.1091,138.7047,116.2377,111.0942,124.1984
2023-12-14,112.0036,120.7275,85.2221,133.8095,136.466,115.9376,111.048,122.4168
2023-12-15,110.4124,121.1963,84.8058,131.5739,134.2293,113.2247,111.0076,120.2216
2023-12-18,111.1212,120.1952,86.0634,131.3517,136.3819,113.9653,110.8857,121.5015
2023-12-19,112.3686,119.3327,85.1973,134.0707,137.6972,115.0232,110.9627,121.6404
2023-12-20,113.0493,118.4771,85.0497,135.101,137.2021,114.7944,110.9618,122.6181
2023-12-21,113.0272,118.7652,84.8679,135.9972,136.9443,114.8798,111.2453,121.8616
2023-12-22,114.7462,116.5392,86.0061,138.2242,138.9655,115.0765,110.5538,122.252
2023-12-25,114.1297,116.6393,86.7398,137.469,138.5849,113.9886,110.3594,123.262
2023-12-26,113.3782,118.6505,86.7739,136.449,138.5388,114.3781,110.9151,122.7087
2023-12-27,113.3634,119.0365,87.5526,136.4586,139.1169,115.5985,111.0902,123.4613
2023-12-28,111.7729,116.8581,87.4346,133.9676,136.9263,114.4525,110.3652,122.8089
2023-12-29,111.9091,116.0549,88.1455,134.0084,137.6658,114.405,110.0056,123.1028
2024-01-01,111.9675,116.5525,88.016,132.9148,137.3316,114.8606,110.1164,122.9877
2024-01-02,113.0614,115.4387,86.7149,134.3816,138.142,114.9131,109.8628,124.0458
2024-01-03,113.0967,115.7646,88.229,134.2322,138.5485,114.7692,109.7545,123.674
2024-01-04,112.6275,116.3261,90.1945,133.1075,137.7751,114.4374,109.8725,123.6238
2024-01-05,114.0465,113.3246,87.9106,134.7486,140.4082,114.5658,108.6695,125.0876
2024-01-08,114.3561,112.1402,86.9769,134.5228,140.8813,114.3458,108.4564,122.6217
2024-01-09,113.471,111.3426,86.5887,132.8658,140.5915,112.5537,108.1859,122.2364
2024-01-10,115.5178,110.1846,86.8709,134.6046,140.977,114.2997,107.9204,124.759
2024-01-11,114.0568,111.2042,88.4077,132.841,139.5893,113.3477,107.8278,124.7932
2024-01-12,113.4406,111.936,87.1986,131.2281,140.0163,112.7583,108.3227,124.5204
2024-01-15,111.5009,113.5168,86.7962,128.9917,137.5997,110.2155,108.707,124.495
2024-01-16,112.0677,113.2795,87.6874,129.9376,138.5433,110.0664,108.6636,125.9926
2024-01-17,111.2225,115.0372,87.8061,128.2425,138.3394,109.371,109.2699,125.2872
2024-01-18,111.2037,115.5722,88.13,126.9877,137.3395,109.7588,109.3875,124.7374
2024-01-19,109.813,114.9907,86.2856,124.9607,135.0498,107.8548,109.1808,123.2289
2024-01-22,112.0406,112.6502,87.0925,128.6108,137.1929,109.6547,108.5102,125.3063
2024-01-23,113.6917,112.6988,87.6695,130.688,137.863,110.5696,108.7726,125.2115
2024-01-24,112.5976,113.2276,86.8648,128.6627,136.1254,108.7304,108.7156,124.4359
2024-01-25,111.2442,112.1165,86.09,127.1936,134.3873,107.3628,108.3414,121.2697
2024-01-26,111.8115,112.3214,85.8573,128.6446,134.0165,108.2816,108.4657,121.2936
2024-01-29,111.8351,112.2283,86.8259,128.0049,133.4911,108.892,108.304,122.1626
2024-01-30,113.6854,111.1996,87.4004,129.86,136.3767,110.5778,108.1797,123.649
2024-01-31,111.9369,112.3184,85.7578,127.2543,134.9858,109.3772,108.8252,123.2208
2024-02-01,111.2863,112.5967,85.715,125.3746,133.4197,108.3623,108.5133,122.2724
2024-02-02,111.0675,111.0204,85.8011,125.4681,133.4644,108.0714,108.13,122.6544
2024-02-05,111.4362,110.0989,85.931,126.6991,133.4296,109.5859,107.7992,123.0389
2024-02-06,110.7689,110.5705,84.5705,125.4554,131.5859,108.8606,108.1096,122.679
2024-02-07,108.3175,113.4584,85.014,121.6771,128.801,107.1111,108.7116,120.7106
2024-02-08,107.7357,113.2861,84.4101,120.0197,128.2395,106.9901,108.7515,121.0206
2024-02-09,108.1108,112.6336,85.0189,119.7206,128.0318,106.5947,108.7139,122.0391
2024-02-12,108.6545,113.5323,84.5181,120.7127,128.4376,107.4452,109.0235,122.2459
2024-02-13,109.2563,114.2202,84.1592,121.5372,128.1668,106.1516,109.2635,122.7785
2024-02-14,109.572,112.1459,83.6379,120.5803,129.7614,105.9159,108.9213,124.2196
2024-02-15,108.6784,111.3579,83.7306,118.8515,128.9069,104.9867,108.3305,121.1647
2024-02-16,108.9559,110.7241,83.2495,119.6232,130.1823,105.1816,108.1377,122.0212
2024-02-19,107.5949,111.4502,83.6687,118.2222,126.9896,103.4357,108.0703,120.1697
2024-02-20,108.1294,112.7632,83.5323,118.7145,128.4409,104.137,108.7338,121.3977
2024-02-21,106.984,111.8661,82.1193,117.5344,128.0504,104.4741,108.6445,121.7168
2024-02-22,106.4373,110.9373,82.5985,117.0162,127.6095,104.3675,108.3757,122.431
2024-02-23,107.7893,111.0035,83.3861,119.1581,128.8324,105.8332,108.2136,124.6764
2024-02-26,106.6092,111.7334,82.7451,117.915,127.3486,103.9011,108.4388,122.6969
2024-02-27,107.5443,111.4141,83.0983,118.6335,127.9926,104.2648,108.5157,125.0561
2024-02-28,106.7647,112.7867,81.5686,116.9375,126.113,102.566,108.6512,124.0531
2024-02-29,106.5903,113.2546,82.1489,116.8836,126.4673,102.531,108.5663,125.0021
2024-03-01,106.0364,112.5403,81.8784,115.5973,125.5327,102.242,108.3934,123.5511
2024-03-04,105.5875,113.8055,82.3993,116.2321,125.9181,102.7835,108.5174,124.1674
2024-03-05,105.5765,113.2744,82.4653,116.7528,126.3361,102.3498,108.4796,123.575
2024-03-06,105.836,112.8938,82.2814,117.5467,125.7832,103.5224,108.0954,123.081
2024-03-07,106.2506,113.3486,82.3166,118.1088,126.5597,103.7493,108.4895,124.4431
2024-03-08,107.1741,112.0519,82.1728,119.166,126.8599,104.5118,108.0716,125.6773
2024-03-11,106.1273,114.1715,81.7051,117.9489,126.1475,103.4232,108.8046,123.669
2024-03-12,107.6338,113.6415,81.329,119.8318,128.5132,104.3011,108.6405,125.0237
2024-03-13,106.4734,115.9341,81.1237,118.8247,127.1917,102.8203,109.2422,124.5196
2024-03-14,106.3256,117.2446,82.0608,119.2166,126.6372,102.061,109.4461,124.3457
2024-03-15,106.9194,114.7731,81.7926,120.0587,127.2065,103.2327,108.8707,126.153
2024-03-18,106.7428,115.8199,83.1648,120.6392,126.1502,102.8855,109.025,126.1982
2024-03-19,107.4815,114.6979,83.1431,120.4403,128.2436,103.3488,108.7787,127.0408
2024-03-20,108.6947,111.3715,82.7953,121.9486,129.425,105.2287,107.7668,128.9068
2024-03-21,109.106,112.4965,82.491,122.1305,130.7138,105.9038,107.9077,129.1076
2024-03-22,109.5502,113.1975,82.1211,121.0269,131.6209,105.5076,107.8211,126.8213
2024-03-25,110.4411,113.0275,82.0155,123.0748,133.1623,107.2427,107.6268,127.8885
2024-03-26,108.789,113.4111,81.7497,121.214,131.2434,106.3682,107.78,128.3665
2024-03-27,108.5067,112.5871,81.8104,120.3305,132.238,106.2239,107.4505,127.9759
2024-03-28,109.2907,112.1668,81.3478,122.3872,132.3816,106.6796,107.4865,126.8881
2024-03-29,109.833,110.9413,81.8564,122.5227,133.7364,107.9273,107.3066,128.1158
2024-04-01,109.6356,110.4641,82.8968,121.8239,132.7511,108.1164,106.9718,126.8994
2024-04-02,108.1759,110.5263,82.7265,119.987,131.8548,107.4664,106.9045,125.5372
2024-04-03,108.7434,111.5971,83.0364,120.5362,131.6342,106.8525,107.3203,126.3153
2024-04-04,109.3834,111.2618,84.1366,121.1226,133.3072,107.5528,107.1293,127.8527
2024-04-05,109.8528,111.4704,84.2833,121.7605,135.8995,109.0158,107.386,129.311
2024-04-08,110.9478,111.6176,84.4338,123.0916,137.1267,107.8618,107.483,129.5478
2024-04-09,112.6709,111.0524,83.5894,125.4088,138.1943,109.2155,107.489,131.8812
2024-04-10,111.8694,111.3848,82.5259,124.7697,137.5853,108.9136,107.6022,131.5417
2024-04-11,113.6192,110.5147,82.6708,126.4864,138.9552,110.1661,107.6114,132.9459
2024-04-12,113.41,110.2078,82.2133,126.3852,137.3454,110.5427,107.4101,133.0692
2024-04-15,112.0871,111.3358,82.7833,124.8646,134.9087,109.5736,107.4408,131.2344
2024-04-16,113.228,111.7507,82.9624,125.8589,136.7789,110.5433,107.2515,133.2564
2024-04-17,113.2473,112.9623,82.3065,123.9734,136.947,110.6796,107.3733,132.4398
2024-04-18,116.2568,111.627,82.9429,127.5983,138.7316,112.572,107.0491,134.5068
2024-04-19,116.1767,111.9387,82.8769,126.7203,139.0635,111.3086,106.7893,134.9505
2024-04-22,116.7827,111.6996,81.837,127.0972,139.4468,110.5992,106.6539,135.7576
2024-04-23,118.4129,110.7592,82.4224,128.0611,142.0413,111.4369,106.498,137.3717
2024-04-24,119.9457,109.4177,82.8467,129.8883,143.7885,112.4624,106.0251,138.771
2024-04-25,119.9223,109.682,82.9591,130.3921,144.5947,111.9252,106.2414,137.6861
2024-04-26,120.6399,110.0791,81.6204,131.4432,144.8204,111.7477,106.6584,137.4213
2024-04-29,119.764,110.455,82.1331,130.2043,144.9295,111.6858,106.3721,136.3674
2024-04-30,119.1727,111.1391,80.2027,131.0898,144.4614,111.2711,106.8256,138.0663
2024-05-01,120.2062,111.7625,80.4763,132.4369,145.197,111.4166,106.9234,137.4696
2024-05-02,120.1676,110.1218,80.4036,132.3101,145.3997,111.1015,106.9467,138.9247
2024-05-03,118.7949,110.8123,79.9526,129.8284,142.4803,110.1168,106.9744,138.1849
2024-05-06,119.964,111.8077,79.561,131.7592,144.2781,110.6966,107.2268,141.0272
2024-05-07,120.2712,112.3626,79.0664,131.4189,144.0282,110.6754,107.2455,141.08
2024-05-08,118.3901,111.8802,79.3606,129.2728,141.572,108.6706,106.8039,138.4242
2024-05-09,119.1623,112.5713,79.1603,129.6168,142.6431,108.702,106.969,140.5406
2024-05-10,120.1463,112.4268,78.298,131.0789,144.6592,109.2497,107.2534,143.1147
2024-05-13,122.0934,112.117,78.8398,134.6109,147.3663,110.4305,107.1678,145.3753
2024-05-14,120.6453,112.4619,79.5873,131.2178,147.2407,110.4214,107.1285,145.3147
2024-05-15,120.6972,113.6984,80.4903,130.4432,147.8817,110.4652,107.4771,144.9803
2024-05-16,122.7499,114.0967,80.1632,132.3471,149.8685,112.0735,107.758,148.4586
2024-05-17,123.7201,114.7883,80.5817,132.7698,150.8228,113.4144,107.9958,150.2791
2024-05-20,123.395,113.8649,80.3544,132.5208,149.8458,112.9189,107.5539,150.7737
2024-05-21,123.0992,115.4553,81.6902,132.1515,148.5556,111.2801,107.6567,148.4016
2024-05-22,124.7604,115.0521,82.0694,132.9004,149.4218,112.8293,107.6556,149.902
2024-05-23,125.4798,116.5177,82.1657,133.9602,150.3302,114.884,107.7956,151.7454
2024-05-24,125.3931,117.1569,81.757,133.8526,150.8309,116.9367,108.1758,151.4585
2024-05-27,124.9385,116.8563,80.3388,133.0403,150.8983,115.7478,108.3015,151.4581
2024-05-28,124.117,117.0014,81.4941,132.4627,150.0603,115.1123,108.2597,150.1093
2024-05-29,121.6849,119.9535,81.8264,129.6503,147.0189,112.8515,108.9166,145.7716
2024-05-30,124.3659,117.7347,80.9806,132.822,151.395,114.9449,108.2949,150.0403
2024-05-31,125.2793,118.0197,81.6333,135.6157,154.5929,115.5755,108.6888,152.0883
2024-06-03,125.9234,116.0536,81.3081,135.8705,156.2936,116.8803,107.8644,152.9414
2024-06-04,127.3159,115.4349,81.8892,137.9464,158.3865,117.8165,107.535,153.1331
2024-06-05,128.2248,115.1895,81.8308,138.8761,159.171,119.1102,107.4679,152.5998
2024-06-06,129.1819,114.7016,81.8713,141.2486,160.2965,120.0098,107.1814,153.1701
2024-06-07,129.9816,112.8884,81.849,142.3365,161.4197,121.3346,106.7723,155.784
2024-06-10,128.8067,113.4047,81.9097,140.038,161.0041,122.2577,106.9067,155.9354
2024-06-11,128.9616,112.6595,80.4536,139.7431,159.6543,123.1813,106.7436,155.3091
2024-06-12,130.1026,111.2085,79.7817,141.268,162.0934,124.5196,106.4723,156.8648
2024-06-13,130.6493,111.2668,79.0807,142.0491,161.5357,124.7082,106.4531,159.892
2024-06-14,130.652,109.8977,78.8104,142.3733,163.3468,124.5952,105.825,161.0711
2024-06-17,128.9907,109.9823,78.5297,140.1131,162.0511,122.9763,105.7422,159.3453
2024-06-18,129.2256,110.0299,78.8801,141.0268,162.7631,123.575,105.5069,159.7329
2024-06-19,129.866,110.5748,78.5059,141.4679,162.8521,124.2623,105.8822,159.9141
2024-06-20,131.0381,110.3692,78.4813,142.8995,165.0513,125.488,106.2679,160.6389
2024-06-21,131.7355,109.6659,77.8161,143.8138,166.0124,128.0677,106.1328,160.4231
2024-06-24,132.1298,107.5482,77.5042,144.2783,167.473,129.2374,105.4813,160.9086
2024-06-25,131.221,106.749,77.5667,142.1295,166.0253,127.7489,105.2692,161.8782
2024-06-26,129.651,105.457,77.2037,140.0034,164.4309,126.2738,104.7871,160.5094
2024-06-27,130.9843,103.2638,76.7401,141.8427,165.2003,128.3579,104.1087,161.6221
2024-06-28,131.7286,102.5357,75.3904,142.5182,167.0956,128.7263,103.8577,163.533
2024-07-01,131.3673,102.1891,75.4332,142.5771,169.241,129.5261,103.9639,163.5399
2024-07-02,130.1396,102.6005,75.4945,140.2117,167.5297,128.8402,104.0947,162.9578
2024-07-03,130.5514,102.0445,75.0972,139.9193,169.9784,129.4538,103.955,162.8678
2024-07-04,134.2445,100.0798,74.7829,145.0072,175.3504,133.1098,103.8408,167.8025
2024-07-05,132.9514,100.2084,74.9411,144.7863,172.133,132.7964,103.8343,167.0666
2024-07-08,132.8758,99.4971,75.3661,145.1327,173.2257,132.9846,103.5053,165.3351
2024-07-09,133.9633,99.6074,74.7916,146.2315,173.9798,132.5226,103.4639,164.5658
2024-07-10,133.4919,99.0952,73.5752,147.0466,174.6504,131.6985,103.386,164.5517
2024-07-11,135.0558,97.9868,74.2721,148.732,175.3094,133.278,103.2666,169.2163
2024-07-12,133.5705,98.993,74.0512,147.358,171.6683,130.8475,103.3734,166.8434
2024-07-15,132.8105,99.7905,74.8281,146.8152,172.5379,130.9626,103.3956,168.3772
2024-07-16,132.1001,100.8058,76.0239,146.2429,170.046,129.557,103.8079,167.0087
2024-07-17,132.2528,101.4659,76.6279,146.6991,170.0131,129.4478,104.1273,167.9064
2024-07-18,131.9824,102.5359,76.682,145.7807,168.7725,128.3411,104.3845,168.7841
2024-07-19,131.0258,102.9885,76.2275,144.329,165.8721,127.1123,104.4456,167.7621
2024-07-22,131.3561,101.8199,76.8606,144.8872,166.6592,127.4838,103.9905,168.4468
2024-07-23,132.0021,100.0821,76.285,145.5161,167.8051,128.8606,103.3991,168.6117
2024-07-24,131.4122,99.5448,75.9344,145.2573,165.9442,128.5121,102.9353,166.6718
2024-07-25,131.0534,101.1435,75.9589,143.2857,163.2697,127.831,103.496,166.3037
2024-07-26,131.3145,102.1394,75.7499,144.3315,161.7345,127.0138,103.5061,165.3127
2024-07-29,131.3093,102.2649,75.8212,143.6856,161.542,125.8768,103.7409,164.7906
2024-07-30,130.7519,103.8833,75.1515,142.2284,159.5443,125.0888,104.3023,164.7636
2024-07-31,133.999,100.9216,75.3958,146.0687,163.0079,127.0181,103.3733,169.8881
2024-08-01,135.1249,100.6659,76.3845,146.494,163.0851,126.1059,103.1463,170.6297
2024-08-02,135.311,100.7713,75.4271,147.3435,163.4109,126.709,102.9426,171.0737
2024-08-05,133.8383,100.819,75.722,145.4519,160.8491,125.5218,102.6236,170.518
2024-08-06,133.6308,101.8974,75.5039,144.8659,159.7064,125.8027,102.8494,170.9666
2024-08-07,133.1987,100.2413,74.8569,143.3841,159.3335,124.5944,102.4823,170.134
2024-08-08,133.0273,100.8916,75.6146,143.1883,158.38,123.125,102.5049,168.6617
2024-08-09,133.2158,100.5519,76.0702,143.0043,158.6277,124.1318,102.4569,169.1003
2024-08-12,132.5073,100.1925,75.3852,141.6844,158.553,123.5293,102.1414,170.5563
2024-08-13,132.9631,98.8375,74.9257,142.3136,160.8726,123.3592,101.9269,173.1796
2024-08-14,132.2222,98.8059,74.1664,141.2078,159.893,123.2027,102.0969,171.4674
2024-08-15,129.8039,99.4395,74.3111,138.2449,156.7247,121.4946,102.4156,169.3122
2024-08-16,129.3954,99.1263,74.1339,138.8245,156.0482,121.1506,102.2254,169.9611
2024-08-19,131.8563,98.8838,74.3298,142.1053,156.5257,123.0431,102.2497,172.5789
2024-08-20,131.0178,98.7853,73.9896,141.7182,155.1459,123.8105,102.2814,170.1407
2024-08-21,130.9102,98.2606,72.4192,142.6828,155.5592,124.0869,102.223,168.2467
2024-08-22,130.3611,99.1605,71.8166,140.2238,154.5972,123.4293,102.5343,168.55
2024-08-23,131.2029,99.1846,72.6767,140.3048,156.1757,124.6558,102.3647,168.0386
2024-08-26,130.3256,98.8527,73.0907,138.723,154.4074,123.4669,102.3581,166.8486
2024-08-27,130.1558,98.8207,73.9579,138.0007,155.6391,123.8142,102.3005,170.4252
2024-08-28,128.9026,98.8625,73.0502,137.0287,155.7739,124.2886,102.5346,169.5622
2024-08-29,128.5069,97.5182,74.2207,136.779,155.0742,125.0149,101.8901,169.6881
2024-08-30,128.3476,98.1343,74.2656,135.635,154.9391,125.6334,102.0907,170.8184
2024-09-02,127.1241,98.4584,73.8123,134.5711,153.4677,125.1567,102.3363,170.4027
2024-09-03,127.5048,97.5003,73.7108,134.6845,153.6438,125.1182,101.8922,168.058
2024-09-04,126.7465,97.8905,72.8085,133.7408,154.5094,125.5104,102.3223,168.5492
2024-09-05,128.2029,96.8857,72.3411,133.7968,157.4549,127.8923,102.0471,170.5971
2024-09-06,127.3361,97.4643,73.1281,131.5733,156.9262,127.1563,102.1818,170.561
2024-09-09,127.1593,97.4413,72.9791,131.9905,157.1082,127.2452,101.9821,169.8649
2024-09-10,128.2958,97.1887,73.4737,134.5953,159.549,128.4529,101.868,168.2625
2024-09-11,128.1419,96.9669,73.7072,134.2981,159.0875,126.9906,101.6076,168.2021
2024-09-12,130.282,96.3354,73.9925,137.6765,160.8652,128.7914,101.3686,171.3606
2024-09-13,130.5215,96.5485,73.5148,138.493,163.2132,128.5612,101.4374,172.3579
2024-09-16,131.5488,95.8211,71.5639,140.7446,165.0357,128.0011,101.2344,174.9772
2024-09-17,133.4108,96.166,71.6234,143.2878,167.0952,130.192,101.3046,176.1687
2024-09-18,134.7446,95.8107,72.5783,144.5752,168.7985,130.6075,101.1978,175.7575
2024-09-19,134.1743,94.7472,72.8662,144.2937,166.366,130.9154,101.1928,174.9298
2024-09-20,133.4107,97.3363,72.317,143.4433,165.3315,131.2435,102.1072,173.8097
2024-09-23,132.2586,97.3539,71.585,141.9674,163.272,129.0475,102.2665,171.3647
2024-09-24,130.7181,97.6244,71.5816,138.7364,161.8099,127.1515,102.5493,170.5081
2024-09-25,130.2738,97.1127,71.4234,138.565,161.2742,126.6509,102.3779,169.1016
2024-09-26,129.9012,95.4268,71.8181,138.2151,160.2309,127.6953,101.8222,167.4056
2024-09-27,131.0104,95.4987,72.1712,139.3967,162.0427,128.4573,101.974,166.524
2024-09-30,130.5228,97.1058,71.8685,138.4357,160.8201,127.0221,102.1267,165.2111
2024-10-01,130.7435,97.0224,71.7849,138.764,162.1324,127.2258,102.0387,165.3611
2024-10-02,131.5153,98.0605,71.5727,139.9051,163.2715,127.0864,102.4171,164.3626
2024-10-03,129.3577,98.9632,71.3179,137.2748,160.5785,124.7105,102.6007,160.3387
2024-10-04,131.1188,97.3172,71.0873,138.8103,163.386,125.8866,102.0976,163.2741
2024-10-07,131.2079,97.761,70.5199,138.0013,163.5119,125.6487,102.3712,163.3165
2024-10-08,131.516,96.2879,71.5784,138.2335,164.8878,125.5566,101.9133,162.3046
2024-10-09,132.1334,95.8439,71.5844,139.5019,164.3477,125.3053,101.8423,164.9055
2024-10-10,132.013,96.3978,71.5945,140.7223,162.2718,124.9632,101.7348,160.8809
2024-10-11,132.4388,96.4279,71.4472,141.2242,165.984,125.629,101.8968,161.597
2024-10-14,132.8632,96.1346,71.1719,143.0486,167.7074,126.2383,101.4913,161.6759
2024-10-15,136.3282,95.0791,71.9742,148.6233,172.2947,128.3307,100.8818,165.8513
2024-10-16,135.3275,95.4914,71.1515,147.1227,170.9772,127.6953,100.8424,166.1301
2024-10-17,134.6142,94.2637,70.8738,146.145,170.3769,128.2001,100.4093,165.3828
2024-10-18,133.2573,95.3034,71.0697,144.0966,166.5803,127.8972,100.4802,162.8011
2024-10-21,133.7642,94.1808,69.9725,143.2226,167.9556,127.8859,100.6525,162.4226
2024-10-22,132.6468,94.0011,70.0468,141.4227,167.3142,126.4654,100.3266,159.0466
2024-10-23,129.8978,94.2684,69.7319,137.4005,165.2881,125.5128,100.2893,154.6836
2024-10-24,129.2505,93.9485,69.2337,136.0836,163.7828,124.5735,100.069,153.8674
2024-10-25,129.7447,93.0802,69.9662,136.0392,162.8716,125.0153,99.6307,154.3329
2024-10-28,126.8339,94.9831,70.4993,131.3799,157.7483,123.7791,99.9855,150.3767
2024-10-29,124.1542,95.4079,70.2485,128.4575,153.0678,120.3963,100.0399,148.033
2024-10-30,122.3507,96.8303,70.3627,126.9274,150.7483,117.2773,100.3517,146.9279
2024-10-31,121.3608,96.7896,70.1869,123.8599,151.2326,116.1824,100.3979,146.359
2024-11-01,122.8593,96.7404,70.138,125.2093,153.7996,116.1588,100.5511,146.7716
2024-11-04,124.3701,96.4823,70.6296,127.1584,153.9492,116.4441,100.5878,147.9294
2024-11-05,125.8152,96.4555,70.1002,128.4921,155.7047,115.8918,100.9096,149.6526
2024-11-06,127.3321,94.711,70.7742,131.7497,156.3741,117.3836,100.3773,149.0872
2024-11-07,127.9793,95.264,70.511,133.3714,155.3513,116.5138,100.5776,148.9273
2024-11-08,127.1592,96.1831,70.943,132.9395,154.2349,116.3461,100.7529,150.4435
2024-11-11,126.2285,98.2507,71.204,130.9485,154.3852,115.9689,101.5188,151.5898
2024-11-12,126.6843,97.6284,71.8004,131.5173,155.7234,115.0492,101.3721,151.3156
2024-11-13,128.7247,97.6389,72.1048,134.4562,157.1409,117.409,101.773,153.9595
2024-11-14,130.7211,96.6339,71.5733,137.0204,159.9258,118.5834,101.6577,156.3536
2024-11-15,129.5336,97.4066,72.1873,135.6535,159.7292,117.1697,101.9013,154.1123
2024-11-18,128.2145,97.2264,71.4593,133.5916,157.8917,116.6956,101.7741,150.8934
2024-11-19,129.6544,96.1394,71.3726,135.6983,159.8629,118.4859,101.5887,151.5732
2024-11-20,132.3897,95.615,71.3861,139.8592,163.3668,120.741,101.943,154.2759
2024-11-21,132.043,95.8209,72.1102,138.3938,160.991,119.8041,101.6713,152.7753
2024-11-22,132.7261,94.907,71.0834,139.2943,162.6314,119.1755,101.5757,154.2447
2024-11-25,133.9822,95.6408,72.7208,140.7234,164.3592,119.9311,101.796,157.5304
